-- phpMyAdmin SQL Dump
-- version 5.2.1
-- https://www.phpmyadmin.net/
--
-- Host: 127.0.0.1
-- Generation Time: May 28, 2026 at 05:32 AM
-- Server version: 10.4.32-MariaDB
-- PHP Version: 8.2.12

SET SQL_MODE = "NO_AUTO_VALUE_ON_ZERO";
START TRANSACTION;
SET time_zone = "+00:00";


/*!40101 SET @OLD_CHARACTER_SET_CLIENT=@@CHARACTER_SET_CLIENT */;
/*!40101 SET @OLD_CHARACTER_SET_RESULTS=@@CHARACTER_SET_RESULTS */;
/*!40101 SET @OLD_COLLATION_CONNECTION=@@COLLATION_CONNECTION */;
/*!40101 SET NAMES utf8mb4 */;

--
-- Database: `pos_system`
--

-- --------------------------------------------------------

--
-- Table structure for table `customers`
--

CREATE TABLE `customers` (
  `id` int(11) NOT NULL,
  `name` varchar(255) DEFAULT NULL,
  `contact` varchar(100) DEFAULT NULL
) ENGINE=InnoDB DEFAULT CHARSET=utf8mb4 COLLATE=utf8mb4_general_ci;

-- --------------------------------------------------------

--
-- Table structure for table `products`
--

CREATE TABLE `products` (
  `id` int(11) NOT NULL,
  `name` varchar(255) DEFAULT NULL,
  `price` decimal(10,2) DEFAULT NULL,
  `stock` int(11) DEFAULT 0,
  `image` varchar(255) DEFAULT NULL
) ENGINE=InnoDB DEFAULT CHARSET=utf8mb4 COLLATE=utf8mb4_general_ci;

--
-- Dumping data for table `products`
--

INSERT INTO `products` (`id`, `name`, `price`, `stock`, `image`) VALUES
(1, 'Bread Francis', 5.00, 67, 'francis.png'),
(2, 'Bread German', 5.00, 95, 'German.png'),
(3, 'Bread Spanish', 5.00, 20, 'SpanishBread.png'),
(4, 'Bread Ramona', 5.00, 255, 'ramona.png'),
(5, 'Pine Apple Pie', 5.00, 0, 'Pineapplepie.png'),
(6, 'BRD Ube Bread', 5.00, 0, 'ubebread.png'),
(7, 'Bogong Bayan', 5.00, 0, 'bagongbayan.png'),
(8, 'Bread Star', 5.00, 265, 'starbread.jpg'),
(9, 'Bread King Roll', 5.00, 91, 'Kingroll.png'),
(10, 'B Torta', 10.00, 35, 'torta.png'),
(11, 'Ensaymada', 5.00, 10, 'ensaymada.png'),
(12, 'Bread Pan de Coco', 5.00, 23, 'PandeCoco.png'),
(13, 'Egg Bread', 5.00, 2, 'eggbread.png'),
(14, 'Cheese Streusel', 5.00, 48, 'cheesestreusel.png'),
(15, 'Slice Bread', 45.00, 0, 'slicebread.png'),
(17, 'Milky Donuts', 5.00, 44, 'milkydonuts.png'),
(19, 'Donuts', 20.00, 39, 'donuts.png'),
(20, 'Cheese Stick', 5.00, 37, 'cheesestick.png'),
(21, 'Bread Spanish Special', 7.00, 0, 'SpanishBreadSP.png'),
(22, 'Binangkal', 5.00, 0, 'binangkal.png'),
(23, 'Rolling Bayan', 10.00, 8, 'rollingbayan.png'),
(24, 'cupcake', 5.00, 45, 'cupcake.png'),
(25, 'Crinkles', 5.00, 17, 'Crinkles.png'),
(26, 'BRD siacoy', 5.00, 0, 'Siacoy.png'),
(27, 'SDrink Swakto', 15.00, 29, 'swakto.png'),
(28, 'SDrink Mismo', 25.00, 18, 'mismo.png'),
(29, 'SDrink MountainDew', 25.00, 0, 'mountaindew.png'),
(30, 'SDrink Sting', 25.00, 7, 'sting.png'),
(31, 'SDrink 1.5 Liter', 85.00, 21, 'sdrink15lit.png'),
(32, 'TCPT Peanut Butter Spread', 150.00, 9, 'TCPTPeanutButterSpread.png'),
(33, 'T Star Margarine 100g', 50.00, 2, 'starmargarin100g.png'),
(40, 'Red Pie', 5.00, 102, 'redpie.png'),
(41, 'Sdrink C2', 20.00, 5, 'sdrinkc2.png'),
(42, 'Hopia', 5.00, 140, 'hopia.png'),
(43, 'Ube/Choco Chiffon Cake', 7.00, 20, 'chocubechifoncake.png'),
(44, 'Sweetheart', 5.00, 20, 'sweetheart.png'),
(45, 'Fig Pie', 5.00, 141, 'FigPie.png'),
(46, 'Slice Bread Ube-Marble', 50.00, 2, 'ubemarbleslicebrd.png'),
(47, 'SDrinks PURE Mineral Litro', 30.00, 12, 'pure1L.png'),
(48, 'SDrinks PURE 500ml', 20.00, 24, 'pure500ml.png');

-- --------------------------------------------------------

--
-- Table structure for table `stock_logs`
--

CREATE TABLE `stock_logs` (
  `id` int(11) NOT NULL,
  `product_id` int(11) DEFAULT NULL,
  `type` enum('IN','OUT','DAMAGE') DEFAULT NULL,
  `quantity` int(11) DEFAULT NULL,
  `note` text DEFAULT NULL,
  `created_at` timestamp NOT NULL DEFAULT current_timestamp(),
  `created_by` varchar(256) NOT NULL
) ENGINE=InnoDB DEFAULT CHARSET=utf8mb4 COLLATE=utf8mb4_general_ci;

--
-- Dumping data for table `stock_logs`
--

INSERT INTO `stock_logs` (`id`, `product_id`, `type`, `quantity`, `note`, `created_at`, `created_by`) VALUES
(20, 1, 'IN', 11, 'NA', '2026-05-11 07:51:00', 'admin'),
(21, 3, 'IN', 20, 'Manual Stock Add', '2026-05-11 08:14:33', 'admin'),
(22, 2, 'IN', 13, 'Manual Stock Add', '2026-05-11 08:14:52', 'admin'),
(23, 1, 'DAMAGE', 1, '', '2026-05-11 08:27:53', 'admin'),
(24, 1, 'OUT', 1, 'Sale', '2026-05-11 08:36:33', 'admin'),
(25, 2, 'OUT', 1, 'Sale', '2026-05-11 08:36:33', 'admin'),
(26, 3, 'OUT', 1, 'Sale', '2026-05-11 08:36:33', 'admin'),
(27, 9, 'OUT', 4, 'Sale', '2026-05-11 10:00:58', 'joyax'),
(28, 14, 'OUT', 10, 'Sale', '2026-05-11 10:00:58', 'joyax'),
(29, 1, 'OUT', 4, 'Sale', '2026-05-11 10:06:31', 'joyax'),
(30, 2, 'OUT', 4, 'Sale', '2026-05-11 10:06:31', 'joyax'),
(31, 11, 'OUT', 6, 'Sale', '2026-05-13 15:08:01', 'admin'),
(32, 19, 'OUT', 5, 'Sale', '2026-05-13 15:08:01', 'admin'),
(33, 18, 'OUT', 3, 'Sale', '2026-05-13 15:12:44', 'joyax'),
(34, 6, 'OUT', 1, 'Sale', '2026-05-15 03:50:56', 'joyax'),
(35, 3, 'OUT', 10, 'Sale', '2026-05-16 08:07:01', 'joyax'),
(36, 4, 'OUT', 10, 'Sale', '2026-05-16 08:07:01', 'joyax'),
(37, 3, 'OUT', 4, 'Sale', '2026-05-16 08:25:23', 'joyax'),
(38, 10, 'OUT', 1, 'Sale', '2026-05-16 08:25:23', 'joyax'),
(39, 4, 'OUT', 10, 'Sale', '2026-05-16 08:29:16', 'joyax'),
(40, 15, 'OUT', 1, 'Sale', '2026-05-16 08:29:16', 'joyax'),
(41, 19, 'OUT', 2, 'Sale', '2026-05-16 08:29:16', 'joyax'),
(42, 33, 'OUT', 1, 'Sale', '2026-05-16 08:29:16', 'joyax'),
(43, 10, 'OUT', 13, 'Sale', '2026-05-16 08:31:55', 'joyax'),
(44, 2, 'OUT', 3, 'Sale', '2026-05-16 08:36:47', 'joyax'),
(45, 3, 'OUT', 2, 'Sale', '2026-05-16 08:36:47', 'joyax'),
(46, 3, 'OUT', 4, 'Sale', '2026-05-16 08:44:28', 'joyax'),
(47, 17, 'OUT', 4, 'Sale', '2026-05-16 08:44:28', 'joyax'),
(48, 25, 'OUT', 1, 'Sale', '2026-05-16 08:44:28', 'joyax'),
(49, 28, 'OUT', 1, 'Sale', '2026-05-16 08:44:28', 'joyax'),
(50, 31, 'OUT', 4, 'Sale', '2026-05-16 08:44:28', 'joyax'),
(51, 1, 'OUT', 4, 'Sale', '2026-05-17 08:17:20', 'joyax'),
(52, 3, 'OUT', 6, 'Sale', '2026-05-17 08:17:20', 'joyax'),
(53, 23, 'OUT', 2, 'Sale', '2026-05-17 08:17:20', 'joyax'),
(54, 3, 'OUT', 10, 'Sale', '2026-05-17 08:34:09', 'joyax'),
(55, 4, 'OUT', 4, 'Sale', '2026-05-17 08:34:09', 'joyax'),
(56, 1, 'OUT', 4, 'Sale', '2026-05-17 08:51:27', 'joyax'),
(57, 2, 'OUT', 8, 'Sale', '2026-05-17 08:51:27', 'joyax'),
(58, 3, 'OUT', 8, 'Sale', '2026-05-17 08:51:27', 'joyax'),
(59, 1, 'OUT', 4, 'Sale', '2026-05-17 08:54:18', 'joyax'),
(60, 12, 'OUT', 2, 'Sale', '2026-05-17 08:54:18', 'joyax'),
(61, 2, 'OUT', 6, 'Sale', '2026-05-17 09:03:56', 'joyax'),
(62, 3, 'OUT', 6, 'Sale', '2026-05-17 09:03:56', 'joyax'),
(63, 1, 'OUT', 5, 'Sale', '2026-05-17 09:04:51', 'joyax'),
(64, 25, 'OUT', 5, 'Sale', '2026-05-17 09:04:52', 'joyax'),
(65, 2, 'OUT', 4, 'Sale', '2026-05-17 09:09:53', 'joyax'),
(66, 3, 'OUT', 4, 'Sale', '2026-05-17 09:09:53', 'joyax'),
(67, 9, 'OUT', 4, 'Sale', '2026-05-17 09:09:53', 'joyax'),
(68, 23, 'OUT', 2, 'Sale', '2026-05-17 09:09:53', 'joyax'),
(69, 2, 'OUT', 2, 'Sale', '2026-05-17 09:13:26', 'joyax'),
(70, 8, 'OUT', 4, 'Sale', '2026-05-17 09:13:26', 'joyax'),
(71, 2, 'OUT', 4, 'Sale', '2026-05-17 09:45:25', 'joyax'),
(72, 3, 'OUT', 12, 'Sale', '2026-05-17 09:45:25', 'joyax'),
(73, 4, 'OUT', 4, 'Sale', '2026-05-17 09:45:25', 'joyax'),
(74, 14, 'OUT', 2, 'Sale', '2026-05-17 09:45:25', 'joyax'),
(75, 25, 'OUT', 2, 'Sale', '2026-05-17 09:45:25', 'joyax'),
(76, 27, 'OUT', 1, 'Sale', '2026-05-17 09:45:25', 'joyax'),
(77, 15, 'OUT', 1, 'Sale', '2026-05-17 09:55:35', 'joyax'),
(78, 9, 'OUT', 10, 'Sale', '2026-05-17 10:01:31', 'joyax'),
(79, 14, 'OUT', 10, 'Sale', '2026-05-17 10:11:12', 'joyax'),
(80, 11, 'OUT', 4, 'Sale', '2026-05-17 10:19:22', 'joyax'),
(81, 1, 'OUT', 8, 'Sale', '2026-05-17 22:16:29', 'joyax'),
(82, 3, 'OUT', 4, 'Sale', '2026-05-17 22:16:29', 'joyax'),
(83, 13, 'OUT', 10, 'Sale', '2026-05-17 22:18:09', 'joyax'),
(84, 14, 'OUT', 10, 'Sale', '2026-05-17 22:27:35', 'joyax'),
(85, 4, 'OUT', 4, 'Sale', '2026-05-17 22:46:53', 'joyax'),
(86, 12, 'OUT', 6, 'Sale', '2026-05-17 22:46:53', 'joyax'),
(87, 13, 'OUT', 2, 'Sale', '2026-05-17 22:46:53', 'joyax'),
(88, 1, 'OUT', 8, 'Sale', '2026-05-17 22:53:26', 'joyax'),
(89, 13, 'OUT', 4, 'Sale', '2026-05-17 22:53:26', 'joyax'),
(90, 1, 'OUT', 7, 'Sale', '2026-05-17 23:03:32', 'joyax'),
(91, 9, 'OUT', 7, 'Sale', '2026-05-17 23:03:32', 'joyax'),
(92, 8, 'OUT', 4, 'Sale', '2026-05-17 23:08:20', 'joyax'),
(93, 12, 'OUT', 4, 'Sale', '2026-05-17 23:08:20', 'joyax'),
(94, 25, 'OUT', 2, 'Sale', '2026-05-17 23:08:20', 'joyax'),
(95, 12, 'OUT', 5, 'Sale', '2026-05-17 23:23:15', 'joyax'),
(96, 14, 'OUT', 5, 'Sale', '2026-05-17 23:23:15', 'joyax'),
(97, 2, 'OUT', 6, 'Sale', '2026-05-17 23:24:31', 'joyax'),
(98, 20, 'OUT', 4, 'Sale', '2026-05-17 23:38:24', 'joyax'),
(99, 41, 'OUT', 1, 'Sale', '2026-05-17 23:38:24', 'joyax'),
(100, 8, 'OUT', 10, 'Sale', '2026-05-17 23:45:03', 'joyax'),
(101, 12, 'OUT', 20, 'Sale', '2026-05-18 00:22:24', 'joyax'),
(102, 4, 'OUT', 6, 'Sale', '2026-05-18 00:45:03', 'joyax'),
(103, 8, 'OUT', 10, 'Sale', '2026-05-18 00:45:03', 'joyax'),
(104, 9, 'OUT', 6, 'Sale', '2026-05-18 00:45:03', 'joyax'),
(105, 12, 'OUT', 10, 'Sale', '2026-05-18 00:45:03', 'joyax'),
(106, 42, 'IN', 167, 'NA', '2026-05-18 00:47:36', 'admin'),
(107, 1, 'OUT', 10, 'Sale', '2026-05-18 01:03:53', 'joyax'),
(108, 8, 'OUT', 10, 'Sale', '2026-05-18 01:03:53', 'joyax'),
(109, 7, 'OUT', 4, 'Sale', '2026-05-18 01:06:31', 'joyax'),
(110, 43, 'IN', 80, 'joyax', '2026-05-18 01:12:39', 'joyax'),
(111, 43, 'IN', 80, 'joyax', '2026-05-18 01:13:31', 'joyax'),
(112, 40, 'IN', 280, 'joy', '2026-05-18 01:15:19', 'joyax'),
(113, 9, 'OUT', 5, 'Sale', '2026-05-18 01:30:12', 'joyax'),
(114, 44, 'OUT', 5, 'Sale', '2026-05-18 01:30:32', 'joyax'),
(115, 4, 'OUT', 10, 'Sale', '2026-05-18 01:42:29', 'joyax'),
(116, 9, 'OUT', 4, 'Sale', '2026-05-18 01:42:29', 'joyax'),
(117, 25, 'OUT', 6, 'Sale', '2026-05-18 01:42:29', 'joyax'),
(118, 12, 'OUT', 1, 'Sale', '2026-05-18 01:43:21', 'joyax'),
(119, 13, 'OUT', 1, 'Sale', '2026-05-18 01:43:21', 'joyax'),
(120, 12, 'OUT', 10, 'Sale', '2026-05-18 01:58:43', 'joyax'),
(121, 45, 'OUT', 12, 'Sale', '2026-05-18 02:07:11', 'joyax'),
(122, 40, 'OUT', 10, 'Sale', '2026-05-18 02:09:54', 'joyax'),
(123, 45, 'OUT', 10, 'Sale', '2026-05-18 02:09:54', 'joyax'),
(124, 40, 'OUT', 2, 'Sale', '2026-05-18 02:12:23', 'joyax'),
(125, 44, 'OUT', 2, 'Sale', '2026-05-18 02:12:23', 'joyax'),
(126, 8, 'OUT', 4, 'Sale', '2026-05-18 02:28:54', 'joyax'),
(127, 40, 'OUT', 1, 'Sale', '2026-05-18 02:28:54', 'joyax'),
(128, 44, 'OUT', 2, 'Sale', '2026-05-18 02:28:54', 'joyax'),
(129, 2, 'OUT', 3, 'Sale', '2026-05-18 02:32:26', 'joyax'),
(130, 42, 'OUT', 3, 'Sale', '2026-05-18 02:32:26', 'joyax'),
(131, 25, 'OUT', 10, 'Sale', '2026-05-18 02:37:16', 'joyax'),
(132, 31, 'OUT', 1, 'Sale', '2026-05-18 02:37:16', 'joyax'),
(133, 43, 'OUT', 3, 'Sale', '2026-05-18 02:37:16', 'joyax'),
(134, 1, 'OUT', 4, 'Sale', '2026-05-18 03:11:45', 'joyax'),
(135, 40, 'OUT', 1, 'Sale', '2026-05-18 03:11:45', 'joyax'),
(136, 45, 'OUT', 4, 'Sale', '2026-05-18 03:11:45', 'joyax'),
(137, 30, 'OUT', 1, 'Sale', '2026-05-18 03:19:23', 'joyax'),
(138, 7, 'OUT', 1, 'Sale', '2026-05-18 03:24:19', 'joyax'),
(139, 45, 'OUT', 6, 'Sale', '2026-05-18 03:24:19', 'joyax'),
(140, 8, 'OUT', 4, 'Sale', '2026-05-18 03:56:55', 'joyax'),
(141, 44, 'OUT', 2, 'Sale', '2026-05-18 03:56:55', 'joyax'),
(142, 45, 'OUT', 2, 'Sale', '2026-05-18 03:56:55', 'joyax'),
(143, 42, 'OUT', 3, 'Sale', '2026-05-18 04:10:39', 'joyax'),
(144, 43, 'OUT', 3, 'Sale', '2026-05-18 04:10:39', 'joyax'),
(145, 15, 'OUT', 1, 'Sale', '2026-05-18 04:14:55', 'joyax'),
(146, 4, 'OUT', 10, 'Sale', '2026-05-18 04:21:28', 'joyax'),
(147, 8, 'OUT', 10, 'Sale', '2026-05-18 04:21:28', 'joyax'),
(148, 13, 'OUT', 8, 'Sale', '2026-05-18 04:49:39', 'joyax'),
(149, 23, 'OUT', 3, 'Sale', '2026-05-18 04:49:39', 'joyax'),
(150, 44, 'OUT', 15, 'Sale', '2026-05-18 04:49:39', 'joyax'),
(151, 45, 'OUT', 15, 'Sale', '2026-05-18 04:49:39', 'joyax'),
(152, 4, 'OUT', 4, 'Sale', '2026-05-18 05:04:38', 'joyax'),
(153, 12, 'OUT', 6, 'Sale', '2026-05-18 05:04:38', 'joyax'),
(154, 4, 'OUT', 4, 'Sale', '2026-05-18 05:06:28', 'joyax'),
(155, 8, 'OUT', 4, 'Sale', '2026-05-18 05:27:05', 'joyax'),
(156, 20, 'OUT', 1, 'Sale', '2026-05-18 05:27:05', 'joyax'),
(157, 44, 'OUT', 2, 'Sale', '2026-05-18 05:27:05', 'joyax'),
(158, 45, 'OUT', 10, 'Sale', '2026-05-18 05:27:05', 'joyax'),
(159, 8, 'OUT', 10, 'Sale', '2026-05-18 05:48:15', 'joyax'),
(160, 43, 'OUT', 3, 'Sale', '2026-05-18 05:48:15', 'joyax'),
(161, 44, 'OUT', 3, 'Sale', '2026-05-18 05:48:15', 'joyax'),
(162, 8, 'OUT', 6, 'Sale', '2026-05-18 05:59:48', 'joyax'),
(163, 11, 'OUT', 10, 'Sale', '2026-05-18 05:59:48', 'joyax'),
(164, 42, 'OUT', 4, 'Sale', '2026-05-18 05:59:48', 'joyax'),
(165, 45, 'OUT', 4, 'Sale', '2026-05-18 05:59:48', 'joyax'),
(166, 8, 'OUT', 10, 'Sale', '2026-05-18 06:12:21', 'joyax'),
(167, 40, 'OUT', 10, 'Sale', '2026-05-18 06:12:21', 'joyax'),
(168, 13, 'OUT', 2, 'Sale', '2026-05-18 06:45:52', 'joyax'),
(169, 27, 'OUT', 1, 'Sale', '2026-05-18 06:45:52', 'joyax'),
(170, 11, 'OUT', 5, 'Sale', '2026-05-18 06:59:29', 'joyax'),
(171, 12, 'OUT', 5, 'Sale', '2026-05-18 06:59:29', 'joyax'),
(172, 15, 'OUT', 1, 'Sale', '2026-05-18 06:59:29', 'joyax'),
(173, 42, 'OUT', 6, 'Sale', '2026-05-18 06:59:29', 'joyax'),
(174, 43, 'OUT', 6, 'Sale', '2026-05-18 06:59:29', 'joyax'),
(175, 45, 'OUT', 4, 'Sale', '2026-05-18 06:59:29', 'joyax'),
(176, 1, 'OUT', 4, 'Sale', '2026-05-18 07:19:50', 'joyax'),
(177, 40, 'OUT', 8, 'Sale', '2026-05-18 07:19:50', 'joyax'),
(178, 42, 'OUT', 6, 'Sale', '2026-05-18 07:19:50', 'joyax'),
(179, 3, 'OUT', 10, 'Sale', '2026-05-18 07:31:29', 'joyax'),
(180, 25, 'OUT', 2, 'Sale', '2026-05-18 07:31:29', 'joyax'),
(181, 42, 'OUT', 1, 'Sale', '2026-05-18 07:31:29', 'joyax'),
(182, 43, 'OUT', 1, 'Sale', '2026-05-18 07:31:29', 'joyax'),
(183, 3, 'OUT', 10, 'Sale', '2026-05-18 07:40:35', 'joyax'),
(184, 40, 'OUT', 8, 'Sale', '2026-05-18 07:44:03', 'joyax'),
(185, 42, 'OUT', 2, 'Sale', '2026-05-18 07:44:03', 'joyax'),
(186, 8, 'OUT', 4, 'Sale', '2026-05-18 07:47:17', 'joyax'),
(187, 28, 'OUT', 1, 'Sale', '2026-05-18 07:47:17', 'joyax'),
(188, 6, 'OUT', 5, 'Sale', '2026-05-18 08:00:48', 'joyax'),
(189, 8, 'OUT', 5, 'Sale', '2026-05-18 08:00:48', 'joyax'),
(190, 43, 'OUT', 4, 'Sale', '2026-05-18 08:19:32', 'joyax'),
(191, 45, 'OUT', 4, 'Sale', '2026-05-18 08:19:32', 'joyax'),
(192, 2, 'OUT', 24, 'Sale', '2026-05-18 08:30:10', 'joyax'),
(193, 3, 'OUT', 16, 'Sale', '2026-05-18 08:30:10', 'joyax'),
(194, 27, 'OUT', 1, 'Sale', '2026-05-18 08:35:02', 'joyax'),
(195, 1, 'OUT', 4, 'Sale', '2026-05-18 09:07:16', 'joyax'),
(196, 40, 'OUT', 4, 'Sale', '2026-05-18 09:07:16', 'joyax'),
(197, 1, 'OUT', 8, 'Sale', '2026-05-18 09:18:00', 'joyax'),
(198, 3, 'OUT', 4, 'Sale', '2026-05-18 09:18:00', 'joyax'),
(199, 6, 'OUT', 10, 'Sale', '2026-05-18 09:39:49', 'joyax'),
(200, 12, 'OUT', 10, 'Sale', '2026-05-18 09:39:49', 'joyax'),
(201, 23, 'OUT', 1, 'Sale', '2026-05-18 09:58:24', 'joyax'),
(202, 41, 'OUT', 1, 'Sale', '2026-05-18 09:58:24', 'joyax'),
(203, 44, 'OUT', 10, 'Sale', '2026-05-18 09:58:24', 'joyax'),
(204, 40, 'OUT', 4, 'Sale', '2026-05-18 10:01:40', 'joyax'),
(205, 44, 'OUT', 1, 'Sale', '2026-05-18 10:01:40', 'joyax'),
(206, 40, 'OUT', 5, 'Sale', '2026-05-18 10:14:01', 'joyax'),
(207, 44, 'OUT', 5, 'Sale', '2026-05-18 10:14:01', 'joyax'),
(208, 1, 'OUT', 4, 'Sale', '2026-05-18 10:20:14', 'joyax'),
(209, 11, 'OUT', 4, 'Sale', '2026-05-18 10:20:14', 'joyax'),
(210, 12, 'OUT', 4, 'Sale', '2026-05-18 10:29:37', 'joyax'),
(211, 27, 'OUT', 1, 'Sale', '2026-05-18 10:29:37', 'joyax'),
(212, 44, 'OUT', 4, 'Sale', '2026-05-18 10:29:37', 'joyax'),
(213, 44, 'OUT', 2, 'Sale', '2026-05-18 10:29:58', 'joyax'),
(214, 45, 'OUT', 2, 'Sale', '2026-05-18 10:29:58', 'joyax'),
(215, 14, 'IN', 73, 'joy', '2026-05-18 10:33:47', 'joyax'),
(216, 3, 'IN', 110, 'joy', '2026-05-18 10:36:14', 'joyax'),
(217, 13, 'IN', 35, 'joy', '2026-05-18 10:37:45', 'joyax'),
(218, 12, 'IN', 46, 'joy', '2026-05-18 10:38:23', 'joyax'),
(219, 6, 'IN', 78, 'joy', '2026-05-18 10:39:00', 'joyax'),
(220, 2, 'IN', 89, 'joy', '2026-05-18 10:39:31', 'joyax'),
(221, 4, 'IN', 60, 'joy', '2026-05-18 10:40:32', 'joyax'),
(222, 8, 'IN', 17, 'joy', '2026-05-18 10:42:27', 'joyax'),
(223, 15, 'IN', 6, 'joy', '2026-05-18 10:43:30', 'joyax'),
(224, 11, 'IN', 86, 'joy', '2026-05-18 10:44:08', 'joyax'),
(225, 1, 'IN', 91, 'joy', '2026-05-18 10:45:19', 'joyax'),
(226, 3, 'OUT', 6, 'Sale', '2026-05-18 10:58:45', 'joyax'),
(227, 12, 'OUT', 6, 'Sale', '2026-05-18 10:58:45', 'joyax'),
(228, 14, 'OUT', 6, 'Sale', '2026-05-18 10:58:45', 'joyax'),
(229, 44, 'OUT', 4, 'Sale', '2026-05-18 10:58:45', 'joyax'),
(230, 1, 'OUT', 5, 'Sale', '2026-05-18 23:02:10', 'joyax'),
(231, 7, 'OUT', 1, 'Sale', '2026-05-18 23:02:10', 'joyax'),
(232, 8, 'OUT', 7, 'Sale', '2026-05-18 23:02:10', 'joyax'),
(233, 9, 'OUT', 3, 'Sale', '2026-05-18 23:02:10', 'joyax'),
(234, 11, 'OUT', 4, 'Sale', '2026-05-18 23:02:10', 'joyax'),
(235, 25, 'OUT', 2, 'Sale', '2026-05-18 23:02:10', 'joyax'),
(236, 29, 'OUT', 1, 'Sale', '2026-05-18 23:02:10', 'joyax'),
(237, 40, 'OUT', 4, 'Sale', '2026-05-18 23:02:10', 'joyax'),
(238, 44, 'OUT', 4, 'Sale', '2026-05-18 23:02:10', 'joyax'),
(239, 45, 'OUT', 2, 'Sale', '2026-05-18 23:02:10', 'joyax'),
(240, 1, 'OUT', 10, 'Sale', '2026-05-18 23:29:40', 'joyax'),
(241, 11, 'OUT', 2, 'Sale', '2026-05-18 23:29:40', 'joyax'),
(242, 13, 'OUT', 2, 'Sale', '2026-05-18 23:29:40', 'joyax'),
(243, 1, 'OUT', 10, 'Sale', '2026-05-18 23:42:17', 'joyax'),
(244, 2, 'OUT', 2, 'Sale', '2026-05-19 00:22:00', 'joyax'),
(245, 3, 'OUT', 12, 'Sale', '2026-05-19 00:22:00', 'joyax'),
(246, 6, 'OUT', 2, 'Sale', '2026-05-19 00:22:00', 'joyax'),
(247, 7, 'OUT', 2, 'Sale', '2026-05-19 00:22:00', 'joyax'),
(248, 9, 'OUT', 4, 'Sale', '2026-05-19 00:22:00', 'joyax'),
(249, 14, 'OUT', 2, 'Sale', '2026-05-19 00:22:00', 'joyax'),
(250, 40, 'OUT', 2, 'Sale', '2026-05-19 00:22:00', 'joyax'),
(251, 1, 'OUT', 7, 'Sale', '2026-05-19 00:26:10', 'joyax'),
(252, 2, 'OUT', 5, 'Sale', '2026-05-19 00:26:10', 'joyax'),
(253, 3, 'OUT', 16, 'Sale', '2026-05-19 00:26:10', 'joyax'),
(254, 9, 'OUT', 16, 'Sale', '2026-05-19 00:26:10', 'joyax'),
(255, 12, 'OUT', 2, 'Sale', '2026-05-19 00:26:10', 'joyax'),
(256, 1, 'OUT', 2, 'Sale', '2026-05-19 00:26:16', 'joyax'),
(257, 1, 'OUT', 6, 'Sale', '2026-05-19 00:26:33', 'joyax'),
(258, 11, 'OUT', 6, 'Sale', '2026-05-19 00:28:49', 'joyax'),
(259, 3, 'OUT', 6, 'Sale', '2026-05-19 00:53:04', 'joyax'),
(260, 45, 'OUT', 8, 'Sale', '2026-05-19 00:53:04', 'joyax'),
(261, 25, 'OUT', 4, 'Sale', '2026-05-19 00:59:03', 'joyax'),
(262, 1, 'OUT', 10, 'Sale', '2026-05-19 01:11:27', 'joyax'),
(263, 12, 'OUT', 10, 'Sale', '2026-05-19 01:11:27', 'joyax'),
(264, 14, 'OUT', 10, 'Sale', '2026-05-19 01:12:10', 'joyax'),
(265, 6, 'OUT', 6, 'Sale', '2026-05-19 01:24:39', 'joyax'),
(266, 12, 'OUT', 8, 'Sale', '2026-05-19 01:24:39', 'joyax'),
(267, 3, 'OUT', 5, 'Sale', '2026-05-19 01:28:08', 'joyax'),
(268, 4, 'OUT', 8, 'Sale', '2026-05-19 01:28:08', 'joyax'),
(269, 44, 'OUT', 2, 'Sale', '2026-05-19 01:28:08', 'joyax'),
(270, 11, 'OUT', 10, 'Sale', '2026-05-19 01:49:32', 'joyax'),
(271, 12, 'OUT', 10, 'Sale', '2026-05-19 01:49:32', 'joyax'),
(272, 1, 'OUT', 15, 'Sale', '2026-05-19 01:59:19', 'joyax'),
(273, 6, 'OUT', 2, 'Sale', '2026-05-19 01:59:19', 'joyax'),
(274, 2, 'OUT', 9, 'Sale', '2026-05-19 02:20:01', 'joyax'),
(275, 7, 'OUT', 1, 'Sale', '2026-05-19 02:20:01', 'joyax'),
(276, 1, 'OUT', 5, 'Sale', '2026-05-19 02:22:54', 'joyax'),
(277, 7, 'OUT', 1, 'Sale', '2026-05-19 02:22:54', 'joyax'),
(278, 8, 'OUT', 2, 'Sale', '2026-05-19 02:22:54', 'joyax'),
(279, 40, 'OUT', 1, 'Sale', '2026-05-19 02:22:54', 'joyax'),
(280, 44, 'OUT', 2, 'Sale', '2026-05-19 02:22:54', 'joyax'),
(281, 1, 'OUT', 5, 'Sale', '2026-05-19 02:29:36', 'joyax'),
(282, 6, 'OUT', 10, 'Sale', '2026-05-19 02:32:11', 'joyax'),
(283, 14, 'OUT', 5, 'Sale', '2026-05-19 02:32:11', 'joyax'),
(284, 13, 'OUT', 1, 'Sale', '2026-05-19 04:29:22', 'joyax'),
(285, 1, 'OUT', 4, 'Sale', '2026-05-19 04:40:07', 'joyax'),
(286, 7, 'OUT', 5, 'Sale', '2026-05-19 04:40:07', 'joyax'),
(287, 31, 'OUT', 1, 'Sale', '2026-05-19 04:40:07', 'joyax'),
(288, 40, 'OUT', 4, 'Sale', '2026-05-19 04:40:07', 'joyax'),
(289, 23, 'OUT', 1, 'Sale', '2026-05-19 04:42:27', 'joyax'),
(290, 6, 'OUT', 5, 'Sale', '2026-05-19 05:12:29', 'joyax'),
(291, 40, 'OUT', 10, 'Sale', '2026-05-19 05:12:29', 'joyax'),
(292, 45, 'OUT', 5, 'Sale', '2026-05-19 05:12:29', 'joyax'),
(293, 6, 'OUT', 2, 'Sale', '2026-05-19 05:41:33', 'joyax'),
(294, 3, 'OUT', 5, 'Sale', '2026-05-19 05:56:25', 'joyax'),
(295, 8, 'OUT', 8, 'Sale', '2026-05-19 05:56:25', 'joyax'),
(296, 1, 'OUT', 4, 'Sale', '2026-05-19 06:24:08', 'joyax'),
(297, 6, 'OUT', 6, 'Sale', '2026-05-19 06:24:08', 'joyax'),
(298, 11, 'OUT', 14, 'Sale', '2026-05-19 06:24:08', 'joyax'),
(299, 3, 'OUT', 10, 'Sale', '2026-05-19 06:53:44', 'joyax'),
(300, 3, 'OUT', 10, 'Sale', '2026-05-19 07:08:33', 'joyax'),
(301, 27, 'OUT', 3, 'Sale', '2026-05-19 07:08:33', 'joyax'),
(302, 46, 'OUT', 1, 'Sale', '2026-05-19 07:16:02', 'joyax'),
(303, 40, 'OUT', 1, 'Sale', '2026-05-19 07:25:23', 'joyax'),
(304, 1, 'OUT', 5, 'Sale', '2026-05-19 07:40:22', 'joyax'),
(305, 12, 'OUT', 2, 'Sale', '2026-05-19 07:40:22', 'joyax'),
(306, 40, 'OUT', 6, 'Sale', '2026-05-19 07:41:35', 'joyax'),
(307, 15, 'OUT', 1, 'Sale', '2026-05-19 07:49:07', 'joyax'),
(308, 1, 'OUT', 5, 'Sale', '2026-05-19 08:10:27', 'joyax'),
(309, 11, 'OUT', 4, 'Sale', '2026-05-19 08:10:27', 'joyax'),
(310, 24, 'OUT', 2, 'Sale', '2026-05-19 08:10:27', 'joyax'),
(311, 3, 'OUT', 10, 'Sale', '2026-05-19 08:10:56', 'joyax'),
(312, 11, 'OUT', 10, 'Sale', '2026-05-19 08:10:56', 'joyax'),
(313, 8, 'OUT', 10, 'Sale', '2026-05-19 08:19:46', 'joyax'),
(314, 9, 'OUT', 10, 'Sale', '2026-05-19 08:19:46', 'joyax'),
(315, 13, 'OUT', 10, 'Sale', '2026-05-19 08:19:46', 'joyax'),
(316, 6, 'OUT', 1, 'Sale', '2026-05-19 08:28:29', 'joyax'),
(317, 6, 'OUT', 1, 'Sale', '2026-05-19 08:28:55', 'joyax'),
(318, 5, 'IN', 40, '', '2026-05-19 08:34:33', 'admin'),
(319, 1, 'OUT', 3, 'Sale', '2026-05-19 08:40:32', 'joyax'),
(320, 7, 'OUT', 2, 'Sale', '2026-05-19 08:40:32', 'joyax'),
(321, 25, 'OUT', 3, 'Sale', '2026-05-19 08:40:32', 'joyax'),
(322, 40, 'OUT', 4, 'Sale', '2026-05-19 08:40:32', 'joyax'),
(323, 2, 'OUT', 3, 'Sale', '2026-05-19 08:45:53', 'joyax'),
(324, 13, 'OUT', 10, 'Sale', '2026-05-19 08:46:05', 'joyax'),
(325, 13, 'OUT', 6, 'Sale', '2026-05-19 08:46:17', 'joyax'),
(326, 1, 'OUT', 2, 'Sale', '2026-05-19 08:50:01', 'joyax'),
(327, 12, 'OUT', 4, 'Sale', '2026-05-19 08:50:01', 'joyax'),
(328, 20, 'OUT', 2, 'Sale', '2026-05-19 09:26:09', 'joyax'),
(329, 40, 'OUT', 2, 'Sale', '2026-05-19 09:26:09', 'joyax'),
(330, 15, 'OUT', 1, 'Sale', '2026-05-19 09:29:25', 'joyax'),
(331, 1, 'OUT', 6, 'Sale', '2026-05-19 09:53:44', 'joyax'),
(332, 6, 'OUT', 6, 'Sale', '2026-05-19 10:18:03', 'joyax'),
(333, 11, 'OUT', 4, 'Sale', '2026-05-19 10:18:03', 'joyax'),
(334, 25, 'OUT', 6, 'Sale', '2026-05-19 10:18:04', 'joyax'),
(335, 45, 'OUT', 4, 'Sale', '2026-05-19 10:18:04', 'joyax'),
(336, 40, 'OUT', 4, 'Sale', '2026-05-19 10:31:30', 'joyax'),
(337, 45, 'OUT', 4, 'Sale', '2026-05-19 10:31:30', 'joyax'),
(338, 10, 'OUT', 2, 'Sale', '2026-05-19 10:41:45', 'joyax'),
(339, 3, 'OUT', 10, 'Sale', '2026-05-19 10:49:21', 'joyax'),
(340, 25, 'OUT', 4, 'Sale', '2026-05-19 10:49:21', 'joyax'),
(341, 2, 'OUT', 20, 'Sale', '2026-05-19 10:53:54', 'joyax'),
(342, 40, 'OUT', 10, 'Sale', '2026-05-19 10:53:54', 'joyax'),
(343, 45, 'OUT', 10, 'Sale', '2026-05-19 10:53:54', 'joyax'),
(344, 10, 'OUT', 1, 'Sale', '2026-05-19 10:55:28', 'joyax'),
(345, 8, 'OUT', 4, 'Sale', '2026-05-19 10:56:48', 'joyax'),
(346, 11, 'OUT', 4, 'Sale', '2026-05-19 10:56:48', 'joyax'),
(347, 43, 'OUT', 2, 'Sale', '2026-05-19 10:56:48', 'joyax'),
(348, 8, 'IN', 96, '', '2026-05-19 12:27:14', 'admin'),
(349, 24, 'IN', 69, '', '2026-05-19 12:27:26', 'admin'),
(350, 10, 'IN', 42, '', '2026-05-19 12:27:46', 'admin'),
(351, 4, 'IN', 60, '', '2026-05-19 12:29:04', 'admin'),
(352, 3, 'IN', 75, '', '2026-05-19 12:29:17', 'admin'),
(353, 2, 'IN', 83, '', '2026-05-19 12:29:41', 'admin'),
(354, 25, 'OUT', 6, 'Sale', '2026-05-19 22:40:15', 'joyax'),
(355, 15, 'OUT', 1, 'Sale', '2026-05-19 23:22:38', 'joyax'),
(356, 1, 'OUT', 7, 'Sale', '2026-05-19 23:32:01', 'joyax'),
(357, 9, 'OUT', 7, 'Sale', '2026-05-19 23:32:01', 'joyax'),
(358, 1, 'OUT', 2, 'Sale', '2026-05-19 23:37:55', 'joyax'),
(359, 8, 'OUT', 2, 'Sale', '2026-05-19 23:37:55', 'joyax'),
(360, 24, 'OUT', 2, 'Sale', '2026-05-19 23:37:55', 'joyax'),
(361, 2, 'OUT', 6, 'Sale', '2026-05-20 00:01:52', 'joyax'),
(362, 3, 'OUT', 4, 'Sale', '2026-05-20 00:01:52', 'joyax'),
(363, 40, 'OUT', 4, 'Sale', '2026-05-20 00:01:52', 'joyax'),
(364, 13, 'OUT', 6, 'Sale', '2026-05-20 00:11:04', 'joyax'),
(365, 8, 'OUT', 10, 'Sale', '2026-05-20 00:27:35', 'joyax'),
(366, 11, 'OUT', 10, 'Sale', '2026-05-20 00:27:35', 'joyax'),
(367, 11, 'OUT', 4, 'Sale', '2026-05-20 00:27:43', 'joyax'),
(368, 4, 'OUT', 4, 'Sale', '2026-05-20 00:28:11', 'joyax'),
(369, 8, 'OUT', 4, 'Sale', '2026-05-20 00:28:11', 'joyax'),
(370, 12, 'OUT', 4, 'Sale', '2026-05-20 00:28:11', 'joyax'),
(371, 3, 'OUT', 2, 'Sale', '2026-05-20 00:39:18', 'joyax'),
(372, 11, 'OUT', 3, 'Sale', '2026-05-20 00:39:18', 'joyax'),
(373, 10, 'OUT', 2, 'Sale', '2026-05-20 01:07:24', 'joyax'),
(374, 27, 'OUT', 1, 'Sale', '2026-05-20 01:07:24', 'joyax'),
(375, 2, 'OUT', 50, 'Sale', '2026-05-20 01:20:44', 'joyax'),
(376, 24, 'OUT', 50, 'Sale', '2026-05-20 01:20:44', 'joyax'),
(377, 11, 'OUT', 6, 'Sale', '2026-05-20 01:46:48', 'joyax'),
(378, 27, 'OUT', 1, 'Sale', '2026-05-20 01:46:48', 'joyax'),
(379, 8, 'OUT', 20, 'Sale', '2026-05-20 01:55:50', 'joyax'),
(380, 11, 'OUT', 10, 'Sale', '2026-05-20 02:05:15', 'joyax'),
(381, 12, 'OUT', 11, 'Sale', '2026-05-20 02:05:15', 'joyax'),
(382, 45, 'OUT', 9, 'Sale', '2026-05-20 02:05:15', 'joyax'),
(383, 2, 'OUT', 6, 'Sale', '2026-05-20 02:20:24', 'joyax'),
(384, 25, 'OUT', 2, 'Sale', '2026-05-20 02:20:24', 'joyax'),
(385, 6, 'OUT', 10, 'Sale', '2026-05-20 02:36:02', 'joyax'),
(386, 30, 'OUT', 1, 'Sale', '2026-05-20 02:39:04', 'joyax'),
(387, 33, 'OUT', 1, 'Sale', '2026-05-20 02:39:04', 'joyax'),
(388, 46, 'OUT', 1, 'Sale', '2026-05-20 02:39:04', 'joyax'),
(389, 14, 'OUT', 5, 'Sale', '2026-05-20 02:45:35', 'joyax'),
(390, 45, 'OUT', 5, 'Sale', '2026-05-20 02:45:35', 'joyax'),
(391, 8, 'OUT', 8, 'Sale', '2026-05-20 03:35:54', 'joyax'),
(392, 11, 'OUT', 12, 'Sale', '2026-05-20 03:35:54', 'joyax'),
(393, 25, 'OUT', 10, 'Sale', '2026-05-20 03:35:54', 'joyax'),
(394, 42, 'OUT', 10, 'Sale', '2026-05-20 03:35:54', 'joyax'),
(395, 8, 'OUT', 6, 'Sale', '2026-05-20 04:06:33', 'joyax'),
(396, 27, 'OUT', 1, 'Sale', '2026-05-20 04:06:33', 'joyax'),
(397, 3, 'OUT', 6, 'Sale', '2026-05-20 04:14:35', 'joyax'),
(398, 41, 'OUT', 1, 'Sale', '2026-05-20 04:14:35', 'joyax'),
(399, 8, 'OUT', 6, 'Sale', '2026-05-20 04:27:36', 'joyax'),
(400, 40, 'OUT', 4, 'Sale', '2026-05-20 04:27:36', 'joyax'),
(401, 3, 'OUT', 1, 'Sale', '2026-05-20 04:44:48', 'joyax'),
(402, 41, 'OUT', 1, 'Sale', '2026-05-20 04:44:48', 'joyax'),
(403, 11, 'OUT', 2, 'Sale', '2026-05-20 04:55:59', 'joyax'),
(404, 40, 'OUT', 4, 'Sale', '2026-05-20 04:55:59', 'joyax'),
(405, 2, 'OUT', 4, 'Sale', '2026-05-20 05:09:44', 'joyax'),
(406, 24, 'OUT', 4, 'Sale', '2026-05-20 05:09:44', 'joyax'),
(407, 40, 'OUT', 2, 'Sale', '2026-05-20 05:09:44', 'joyax'),
(408, 43, 'OUT', 3, 'Sale', '2026-05-20 05:09:44', 'joyax'),
(409, 11, 'OUT', 2, 'Sale', '2026-05-20 06:03:18', 'joyax'),
(410, 24, 'OUT', 2, 'Sale', '2026-05-20 06:03:18', 'joyax'),
(411, 25, 'OUT', 2, 'Sale', '2026-05-20 06:03:18', 'joyax'),
(412, 45, 'OUT', 2, 'Sale', '2026-05-20 06:03:18', 'joyax'),
(413, 28, 'OUT', 1, 'Sale', '2026-05-20 06:03:56', 'joyax'),
(414, 40, 'OUT', 8, 'Sale', '2026-05-20 06:03:56', 'joyax'),
(415, 4, 'OUT', 6, 'Sale', '2026-05-20 06:13:53', 'joyax'),
(416, 40, 'OUT', 4, 'Sale', '2026-05-20 06:13:53', 'joyax'),
(417, 4, 'OUT', 10, 'Sale', '2026-05-20 06:42:27', 'joyax'),
(418, 11, 'OUT', 10, 'Sale', '2026-05-20 06:42:27', 'joyax'),
(419, 3, 'OUT', 4, 'Sale', '2026-05-20 06:46:20', 'joyax'),
(420, 40, 'OUT', 2, 'Sale', '2026-05-20 06:46:20', 'joyax'),
(421, 45, 'OUT', 4, 'Sale', '2026-05-20 06:46:20', 'joyax'),
(422, 11, 'OUT', 2, 'Sale', '2026-05-20 07:02:02', 'joyax'),
(423, 40, 'OUT', 5, 'Sale', '2026-05-20 07:02:02', 'joyax'),
(424, 45, 'OUT', 3, 'Sale', '2026-05-20 07:02:02', 'joyax'),
(425, 11, 'OUT', 10, 'Sale', '2026-05-20 07:06:07', 'joyax'),
(426, 4, 'OUT', 6, 'Sale', '2026-05-20 07:07:18', 'joyax'),
(427, 8, 'OUT', 6, 'Sale', '2026-05-20 07:07:18', 'joyax'),
(428, 11, 'OUT', 10, 'Sale', '2026-05-20 07:07:18', 'joyax'),
(429, 6, 'OUT', 10, 'Sale', '2026-05-20 07:12:08', 'joyax'),
(430, 11, 'OUT', 10, 'Sale', '2026-05-20 07:12:08', 'joyax'),
(431, 11, 'OUT', 5, 'Sale', '2026-05-20 07:12:21', 'joyax'),
(432, 8, 'OUT', 10, 'Sale', '2026-05-20 07:20:17', 'joyax'),
(433, 11, 'OUT', 10, 'Sale', '2026-05-20 07:20:17', 'joyax'),
(434, 8, 'OUT', 10, 'Sale', '2026-05-20 07:34:00', 'joyax'),
(435, 25, 'OUT', 2, 'Sale', '2026-05-20 07:47:47', 'joyax'),
(436, 14, 'OUT', 4, 'Sale', '2026-05-20 08:01:22', 'joyax'),
(437, 40, 'OUT', 2, 'Sale', '2026-05-20 08:01:22', 'joyax'),
(438, 42, 'OUT', 10, 'Sale', '2026-05-20 08:01:22', 'joyax'),
(439, 30, 'OUT', 1, 'Sale', '2026-05-20 08:25:27', 'joyax'),
(440, 2, 'OUT', 3, 'Sale', '2026-05-20 08:26:59', 'joyax'),
(441, 6, 'OUT', 3, 'Sale', '2026-05-20 08:26:59', 'joyax'),
(442, 11, 'OUT', 4, 'Sale', '2026-05-20 08:26:59', 'joyax'),
(443, 10, 'OUT', 1, 'Sale', '2026-05-20 08:37:32', 'joyax'),
(444, 23, 'OUT', 3, 'Sale', '2026-05-20 08:53:08', 'joyax'),
(445, 40, 'OUT', 1, 'Sale', '2026-05-20 08:53:08', 'joyax'),
(446, 42, 'OUT', 1, 'Sale', '2026-05-20 08:53:08', 'joyax'),
(447, 3, 'OUT', 6, 'Sale', '2026-05-20 08:54:13', 'joyax'),
(448, 24, 'OUT', 2, 'Sale', '2026-05-20 08:54:13', 'joyax'),
(449, 11, 'OUT', 2, 'Sale', '2026-05-20 09:00:30', 'joyax'),
(450, 29, 'OUT', 1, 'Sale', '2026-05-20 09:00:30', 'joyax'),
(451, 11, 'OUT', 6, 'Sale', '2026-05-20 09:17:44', 'joyax'),
(452, 1, 'OUT', 3, 'Sale', '2026-05-20 09:22:12', 'joyax'),
(453, 8, 'OUT', 8, 'Sale', '2026-05-20 09:22:12', 'joyax'),
(454, 13, 'OUT', 3, 'Sale', '2026-05-20 09:22:12', 'joyax'),
(455, 23, 'OUT', 1, 'Sale', '2026-05-20 09:22:12', 'joyax'),
(456, 40, 'OUT', 6, 'Sale', '2026-05-20 09:22:12', 'joyax'),
(457, 4, 'OUT', 5, 'Sale', '2026-05-20 10:04:05', 'joyax'),
(458, 14, 'OUT', 5, 'Sale', '2026-05-20 10:04:05', 'joyax'),
(459, 11, 'OUT', 2, 'Sale', '2026-05-20 10:04:15', 'joyax'),
(460, 25, 'OUT', 2, 'Sale', '2026-05-20 10:04:15', 'joyax'),
(461, 11, 'OUT', 6, 'Sale', '2026-05-20 10:08:17', 'joyax'),
(462, 2, 'OUT', 5, 'Sale', '2026-05-20 10:08:37', 'joyax'),
(463, 10, 'OUT', 5, 'Sale', '2026-05-20 10:08:37', 'joyax'),
(464, 11, 'OUT', 5, 'Sale', '2026-05-20 10:08:37', 'joyax'),
(465, 15, 'OUT', 2, 'Sale', '2026-05-20 10:18:34', 'joyax'),
(466, 4, 'OUT', 4, 'Sale', '2026-05-20 10:26:49', 'joyax'),
(467, 24, 'OUT', 4, 'Sale', '2026-05-20 10:26:49', 'joyax'),
(468, 25, 'OUT', 6, 'Sale', '2026-05-20 10:41:02', 'joyax'),
(469, 42, 'OUT', 4, 'Sale', '2026-05-20 10:41:02', 'joyax'),
(470, 14, 'OUT', 4, 'Sale', '2026-05-20 10:53:54', 'joyax'),
(471, 42, 'OUT', 4, 'Sale', '2026-05-20 10:53:54', 'joyax'),
(472, 27, 'OUT', 1, 'Sale', '2026-05-20 12:49:11', 'joyax'),
(473, 1, 'OUT', 38, '', '2026-05-20 12:52:51', 'admin'),
(474, 7, 'OUT', 62, '', '2026-05-20 12:53:39', 'admin'),
(475, 42, 'OUT', 3, '', '2026-05-20 12:54:12', 'admin'),
(476, 43, 'OUT', 46, '', '2026-05-20 12:55:11', 'admin'),
(477, 43, 'OUT', 64, 'NO SALE', '2026-05-20 12:57:48', 'admin'),
(478, 10, 'OUT', 1, 'Sale', '2026-05-20 22:20:04', 'joyax'),
(479, 3, 'OUT', 7, 'Sale', '2026-05-20 23:00:32', 'joyax'),
(480, 2, 'OUT', 3, 'Sale', '2026-05-20 23:23:22', 'joyax'),
(481, 8, 'OUT', 3, 'Sale', '2026-05-20 23:23:22', 'joyax'),
(482, 17, 'IN', 71, 'joy', '2026-05-20 23:26:59', 'joyax'),
(483, 1, 'IN', 128, 'joy', '2026-05-20 23:27:56', 'joyax'),
(484, 17, 'OUT', 2, 'Sale', '2026-05-20 23:40:54', 'joyax'),
(485, 25, 'OUT', 3, 'Sale', '2026-05-20 23:40:54', 'joyax'),
(486, 1, 'OUT', 7, 'Sale', '2026-05-20 23:58:47', 'joyax'),
(487, 9, 'OUT', 7, 'Sale', '2026-05-20 23:58:47', 'joyax'),
(488, 13, 'OUT', 4, 'Sale', '2026-05-20 23:58:47', 'joyax'),
(489, 9, 'OUT', 6, 'Sale', '2026-05-21 00:46:35', 'joyax'),
(490, 17, 'OUT', 6, 'Sale', '2026-05-21 00:46:35', 'joyax'),
(491, 3, 'OUT', 10, 'Sale', '2026-05-21 01:11:35', 'joyax'),
(492, 42, 'OUT', 10, 'Sale', '2026-05-21 01:11:35', 'joyax'),
(493, 1, 'OUT', 7, 'Sale', '2026-05-21 01:15:53', 'joyax'),
(494, 42, 'OUT', 6, 'Sale', '2026-05-21 01:15:53', 'joyax'),
(495, 45, 'OUT', 6, 'Sale', '2026-05-21 01:15:53', 'joyax'),
(496, 19, 'IN', 45, 'joy', '2026-05-21 01:30:16', 'joyax'),
(497, 19, 'OUT', 2, 'Sale', '2026-05-21 01:33:45', 'joyax'),
(498, 17, 'OUT', 4, 'Sale', '2026-05-21 02:02:04', 'joyax'),
(499, 17, 'OUT', 5, 'Sale', '2026-05-21 02:10:35', 'joyax'),
(500, 30, 'OUT', 2, 'Sale', '2026-05-21 02:10:35', 'joyax'),
(501, 46, 'OUT', 1, 'Sale', '2026-05-21 02:11:07', 'joyax'),
(502, 19, 'OUT', 3, 'Sale', '2026-05-21 02:16:07', 'joyax'),
(503, 23, 'OUT', 2, 'Sale', '2026-05-21 02:16:07', 'joyax'),
(504, 25, 'OUT', 10, 'Sale', '2026-05-21 02:16:07', 'joyax'),
(505, 9, 'OUT', 4, 'Sale', '2026-05-21 02:20:58', 'joyax'),
(506, 21, 'IN', 51, 'joy', '2026-05-21 02:30:17', 'joyax'),
(507, 3, 'OUT', 5, 'Sale', '2026-05-21 02:33:57', 'joyax'),
(508, 8, 'OUT', 5, 'Sale', '2026-05-21 02:33:57', 'joyax'),
(509, 14, 'OUT', 5, 'Sale', '2026-05-21 02:33:57', 'joyax'),
(510, 20, 'OUT', 2, 'Sale', '2026-05-21 02:33:57', 'joyax'),
(511, 27, 'OUT', 1, 'Sale', '2026-05-21 02:35:26', 'joyax'),
(512, 27, 'OUT', 1, 'Sale', '2026-05-21 02:55:10', 'joyax'),
(513, 13, 'OUT', 4, 'Sale', '2026-05-21 03:09:06', 'joyax'),
(514, 14, 'OUT', 4, 'Sale', '2026-05-21 03:09:06', 'joyax'),
(515, 17, 'OUT', 6, 'Sale', '2026-05-21 03:09:06', 'joyax'),
(516, 20, 'OUT', 2, 'Sale', '2026-05-21 03:09:06', 'joyax'),
(517, 41, 'OUT', 2, 'Sale', '2026-05-21 03:09:06', 'joyax'),
(518, 21, 'OUT', 10, 'Sale', '2026-05-21 03:09:27', 'joyax'),
(519, 23, 'OUT', 3, 'Sale', '2026-05-21 03:09:27', 'joyax'),
(520, 14, 'OUT', 6, 'Sale', '2026-05-21 03:47:38', 'joyax'),
(521, 19, 'OUT', 1, 'Sale', '2026-05-21 03:47:38', 'joyax'),
(522, 25, 'OUT', 2, 'Sale', '2026-05-21 03:50:22', 'joyax'),
(523, 11, 'OUT', 3, 'Sale', '2026-05-21 04:03:21', 'joyax'),
(524, 25, 'OUT', 3, 'Sale', '2026-05-21 04:03:21', 'joyax'),
(525, 25, 'OUT', 2, 'Sale', '2026-05-21 04:03:30', 'joyax'),
(526, 2, 'OUT', 4, 'Sale', '2026-05-21 05:01:25', 'joyax'),
(527, 14, 'OUT', 6, 'Sale', '2026-05-21 05:01:25', 'joyax'),
(528, 17, 'OUT', 2, 'Sale', '2026-05-21 05:58:35', 'joyax'),
(529, 19, 'OUT', 1, 'Sale', '2026-05-21 05:58:35', 'joyax'),
(530, 27, 'OUT', 1, 'Sale', '2026-05-21 05:58:35', 'joyax'),
(531, 28, 'OUT', 1, 'Sale', '2026-05-21 05:58:35', 'joyax'),
(532, 2, 'OUT', 6, 'Sale', '2026-05-21 06:01:18', 'joyax'),
(533, 12, 'OUT', 1, 'Sale', '2026-05-21 06:01:18', 'joyax'),
(534, 11, 'OUT', 1, 'Sale', '2026-05-21 06:01:36', 'joyax'),
(535, 12, 'OUT', 5, 'Sale', '2026-05-21 06:01:36', 'joyax'),
(536, 11, 'OUT', 5, 'Sale', '2026-05-21 06:26:48', 'joyax'),
(537, 17, 'OUT', 5, 'Sale', '2026-05-21 06:26:48', 'joyax'),
(538, 28, 'OUT', 2, 'Sale', '2026-05-21 06:26:48', 'joyax'),
(539, 17, 'OUT', 20, 'Sale', '2026-05-21 06:47:59', 'joyax'),
(540, 21, 'OUT', 7, 'Sale', '2026-05-21 06:47:59', 'joyax'),
(541, 27, 'OUT', 1, 'Sale', '2026-05-21 06:48:44', 'joyax'),
(542, 1, 'OUT', 6, 'Sale', '2026-05-21 06:54:39', 'joyax'),
(543, 2, 'OUT', 5, 'Sale', '2026-05-21 06:54:39', 'joyax'),
(544, 4, 'OUT', 2, 'Sale', '2026-05-21 06:54:39', 'joyax'),
(545, 13, 'OUT', 2, 'Sale', '2026-05-21 06:54:39', 'joyax'),
(546, 40, 'OUT', 10, 'Sale', '2026-05-21 06:54:39', 'joyax'),
(547, 13, 'OUT', 6, 'Sale', '2026-05-21 07:05:05', 'joyax'),
(548, 2, 'OUT', 5, 'Sale', '2026-05-21 07:10:19', 'joyax'),
(549, 11, 'OUT', 5, 'Sale', '2026-05-21 07:10:19', 'joyax'),
(550, 15, 'OUT', 1, 'Sale', '2026-05-21 07:10:19', 'joyax'),
(551, 17, 'OUT', 6, 'Sale', '2026-05-21 07:10:19', 'joyax'),
(552, 19, 'OUT', 1, 'Sale', '2026-05-21 07:10:19', 'joyax'),
(553, 25, 'OUT', 5, 'Sale', '2026-05-21 07:10:19', 'joyax'),
(554, 1, 'OUT', 10, 'Sale', '2026-05-21 07:14:12', 'joyax'),
(555, 1, 'OUT', 2, 'Sale', '2026-05-21 07:15:13', 'joyax'),
(556, 2, 'OUT', 2, 'Sale', '2026-05-21 07:15:13', 'joyax'),
(557, 3, 'OUT', 4, 'Sale', '2026-05-21 07:33:50', 'joyax'),
(558, 4, 'OUT', 6, 'Sale', '2026-05-21 07:33:50', 'joyax'),
(559, 8, 'OUT', 4, 'Sale', '2026-05-21 07:33:50', 'joyax'),
(560, 12, 'OUT', 6, 'Sale', '2026-05-21 07:50:09', 'joyax'),
(561, 19, 'OUT', 2, 'Sale', '2026-05-21 07:50:09', 'joyax'),
(562, 21, 'OUT', 7, 'Sale', '2026-05-21 07:50:09', 'joyax'),
(563, 27, 'OUT', 1, 'Sale', '2026-05-21 07:50:09', 'joyax'),
(564, 28, 'OUT', 1, 'Sale', '2026-05-21 07:50:09', 'joyax'),
(565, 40, 'OUT', 1, 'Sale', '2026-05-21 07:50:09', 'joyax'),
(566, 41, 'OUT', 2, 'Sale', '2026-05-21 07:50:09', 'joyax'),
(567, 11, 'OUT', 4, 'Sale', '2026-05-21 07:54:45', 'joyax'),
(568, 25, 'OUT', 1, 'Sale', '2026-05-21 07:54:45', 'joyax'),
(569, 12, 'OUT', 10, 'Sale', '2026-05-21 07:55:27', 'joyax'),
(570, 13, 'OUT', 10, 'Sale', '2026-05-21 07:55:27', 'joyax'),
(571, 1, 'OUT', 2, 'Sale', '2026-05-21 07:56:46', 'joyax'),
(572, 8, 'OUT', 4, 'Sale', '2026-05-21 07:56:46', 'joyax'),
(573, 27, 'OUT', 1, 'Sale', '2026-05-21 07:58:22', 'joyax'),
(574, 2, 'OUT', 5, 'Sale', '2026-05-21 08:03:00', 'joyax'),
(575, 3, 'OUT', 5, 'Sale', '2026-05-21 08:03:00', 'joyax'),
(576, 14, 'OUT', 5, 'Sale', '2026-05-21 08:03:00', 'joyax'),
(577, 25, 'OUT', 5, 'Sale', '2026-05-21 08:03:00', 'joyax'),
(578, 42, 'OUT', 4, 'Sale', '2026-05-21 08:03:00', 'joyax'),
(579, 3, 'OUT', 4, 'Sale', '2026-05-21 08:06:40', 'joyax'),
(580, 11, 'OUT', 4, 'Sale', '2026-05-21 08:06:40', 'joyax'),
(581, 43, 'OUT', 1, 'Sale', '2026-05-21 08:06:40', 'joyax'),
(582, 2, 'OUT', 8, 'Sale', '2026-05-21 08:07:56', 'joyax'),
(583, 10, 'OUT', 1, 'Sale', '2026-05-21 08:07:56', 'joyax'),
(584, 1, 'OUT', 8, 'Sale', '2026-05-21 08:09:30', 'joyax'),
(585, 8, 'OUT', 6, 'Sale', '2026-05-21 08:09:30', 'joyax'),
(586, 21, 'OUT', 1, 'Sale', '2026-05-21 08:09:30', 'joyax'),
(587, 40, 'OUT', 6, 'Sale', '2026-05-21 08:09:30', 'joyax'),
(588, 11, 'OUT', 4, 'Sale', '2026-05-21 08:15:04', 'joyax'),
(589, 19, 'OUT', 4, 'Sale', '2026-05-21 08:15:04', 'joyax'),
(590, 29, 'OUT', 1, 'Sale', '2026-05-21 08:15:04', 'joyax'),
(591, 1, 'OUT', 10, 'Sale', '2026-05-21 08:17:58', 'joyax'),
(592, 3, 'OUT', 8, 'Sale', '2026-05-21 08:17:58', 'joyax'),
(593, 30, 'OUT', 1, 'Sale', '2026-05-21 08:19:11', 'joyax'),
(594, 3, 'OUT', 2, 'Sale', '2026-05-21 08:22:24', 'joyax'),
(595, 1, 'OUT', 2, 'Sale', '2026-05-21 08:33:11', 'joyax'),
(596, 17, 'OUT', 2, 'Sale', '2026-05-21 08:33:11', 'joyax'),
(597, 11, 'OUT', 10, 'Sale', '2026-05-21 08:42:21', 'joyax'),
(598, 40, 'OUT', 10, 'Sale', '2026-05-21 08:42:21', 'joyax'),
(599, 21, 'OUT', 3, 'Sale', '2026-05-21 08:52:05', 'joyax'),
(600, 8, 'OUT', 4, 'Sale', '2026-05-21 08:53:50', 'joyax'),
(601, 40, 'OUT', 6, 'Sale', '2026-05-21 08:53:50', 'joyax'),
(602, 11, 'OUT', 4, 'Sale', '2026-05-21 09:03:18', 'joyax'),
(603, 40, 'OUT', 2, 'Sale', '2026-05-21 09:03:18', 'joyax'),
(604, 1, 'OUT', 5, 'Sale', '2026-05-21 09:08:52', 'joyax'),
(605, 2, 'OUT', 1, 'Sale', '2026-05-21 09:08:52', 'joyax'),
(606, 25, 'OUT', 1, 'Sale', '2026-05-21 09:08:52', 'joyax'),
(607, 1, 'OUT', 2, 'Sale', '2026-05-21 09:11:07', 'joyax'),
(608, 3, 'OUT', 3, 'Sale', '2026-05-21 09:11:07', 'joyax'),
(609, 11, 'OUT', 2, 'Sale', '2026-05-21 09:16:37', 'joyax'),
(610, 40, 'OUT', 2, 'Sale', '2026-05-21 09:16:37', 'joyax'),
(611, 3, 'OUT', 5, 'Sale', '2026-05-21 09:20:01', 'joyax'),
(612, 11, 'OUT', 5, 'Sale', '2026-05-21 09:20:01', 'joyax'),
(613, 11, 'OUT', 6, 'Sale', '2026-05-21 09:20:09', 'joyax'),
(614, 40, 'OUT', 4, 'Sale', '2026-05-21 09:28:10', 'joyax'),
(615, 1, 'OUT', 7, 'Sale', '2026-05-21 09:40:17', 'joyax'),
(616, 23, 'OUT', 1, 'Sale', '2026-05-21 09:40:17', 'joyax'),
(617, 40, 'OUT', 6, 'Sale', '2026-05-21 09:40:17', 'joyax'),
(618, 1, 'OUT', 5, 'Sale', '2026-05-21 10:05:58', 'joyax'),
(619, 17, 'OUT', 6, 'Sale', '2026-05-21 10:05:58', 'joyax'),
(620, 19, 'OUT', 5, 'Sale', '2026-05-21 10:26:39', 'joyax'),
(621, 1, 'OUT', 5, 'Sale', '2026-05-21 10:36:35', 'joyax'),
(622, 8, 'OUT', 4, 'Sale', '2026-05-21 10:36:35', 'joyax'),
(623, 12, 'OUT', 3, 'Sale', '2026-05-21 10:42:07', 'joyax'),
(624, 25, 'OUT', 3, 'Sale', '2026-05-21 10:42:07', 'joyax'),
(625, 12, 'OUT', 10, 'Sale', '2026-05-21 10:42:13', 'joyax'),
(626, 4, 'OUT', 10, 'Sale', '2026-05-21 10:55:45', 'joyax'),
(627, 40, 'OUT', 5, 'Sale', '2026-05-21 10:55:45', 'joyax'),
(628, 11, 'IN', 81, 'joy', '2026-05-21 11:02:25', 'joyax'),
(629, 3, 'IN', 99, 'joy', '2026-05-21 11:05:31', 'joyax'),
(630, 2, 'IN', 60, 'joy', '2026-05-21 11:05:54', 'joyax'),
(631, 12, 'IN', 84, 'joy', '2026-05-21 11:06:16', 'joyax'),
(632, 15, 'IN', 9, 'joy', '2026-05-21 11:06:48', 'joyax'),
(633, 4, 'OUT', 2, 'Sale', '2026-05-21 22:15:06', 'joyax'),
(634, 40, 'OUT', 2, 'Sale', '2026-05-21 22:15:06', 'joyax'),
(635, 12, 'OUT', 5, 'Sale', '2026-05-21 22:15:24', 'joyax'),
(636, 40, 'OUT', 5, 'Sale', '2026-05-21 22:15:25', 'joyax'),
(637, 12, 'OUT', 6, 'Sale', '2026-05-21 22:25:10', 'joyax'),
(638, 1, 'OUT', 15, 'Sale', '2026-05-21 22:42:59', 'joyax'),
(639, 2, 'OUT', 4, 'Sale', '2026-05-21 22:42:59', 'joyax'),
(640, 2, 'OUT', 4, 'Sale', '2026-05-21 23:25:42', 'joyax'),
(641, 42, 'OUT', 2, 'Sale', '2026-05-21 23:25:42', 'joyax'),
(642, 12, 'OUT', 10, 'Sale', '2026-05-21 23:41:49', 'joyax'),
(643, 11, 'OUT', 2, 'Sale', '2026-05-22 00:05:19', 'joyax'),
(644, 11, 'OUT', 2, 'Sale', '2026-05-22 00:15:48', 'joyax'),
(645, 11, 'OUT', 12, 'Sale', '2026-05-22 01:05:11', 'joyax'),
(646, 17, 'OUT', 8, 'Sale', '2026-05-22 01:05:11', 'joyax'),
(647, 19, 'OUT', 1, 'Sale', '2026-05-22 01:05:11', 'joyax'),
(648, 42, 'OUT', 10, 'Sale', '2026-05-22 01:05:11', 'joyax'),
(649, 11, 'OUT', 10, 'Sale', '2026-05-22 01:25:15', 'joyax'),
(650, 19, 'OUT', 2, 'Sale', '2026-05-22 01:25:15', 'joyax'),
(651, 40, 'OUT', 4, 'Sale', '2026-05-22 01:27:13', 'joyax'),
(652, 3, 'OUT', 2, 'Sale', '2026-05-22 01:43:23', 'joyax'),
(653, 21, 'OUT', 7, 'Sale', '2026-05-22 01:59:23', 'joyax'),
(654, 2, 'OUT', 4, 'Sale', '2026-05-22 02:01:19', 'joyax'),
(655, 40, 'OUT', 4, 'Sale', '2026-05-22 02:01:19', 'joyax'),
(656, 2, 'OUT', 8, 'Sale', '2026-05-22 02:06:21', 'joyax'),
(657, 3, 'OUT', 4, 'Sale', '2026-05-22 02:06:21', 'joyax'),
(658, 12, 'OUT', 8, 'Sale', '2026-05-22 02:06:21', 'joyax'),
(659, 2, 'OUT', 6, 'Sale', '2026-05-22 02:26:33', 'joyax'),
(660, 42, 'OUT', 6, 'Sale', '2026-05-22 02:26:33', 'joyax'),
(661, 21, 'OUT', 1, 'Sale', '2026-05-22 02:27:06', 'joyax'),
(662, 27, 'OUT', 1, 'Sale', '2026-05-22 02:27:06', 'joyax'),
(663, 23, 'OUT', 1, 'Sale', '2026-05-22 03:17:47', 'joyax'),
(664, 42, 'OUT', 6, 'Sale', '2026-05-22 03:17:47', 'joyax'),
(665, 21, 'OUT', 1, 'Sale', '2026-05-22 03:35:14', 'joyax'),
(666, 20, 'OUT', 4, 'Sale', '2026-05-22 04:05:21', 'joyax'),
(667, 31, 'OUT', 1, 'Sale', '2026-05-22 04:05:21', 'joyax'),
(668, 40, 'OUT', 8, 'Sale', '2026-05-22 04:05:21', 'joyax'),
(669, 3, 'OUT', 4, 'Sale', '2026-05-22 04:08:43', 'joyax'),
(670, 12, 'OUT', 4, 'Sale', '2026-05-22 04:08:43', 'joyax'),
(671, 3, 'OUT', 4, 'Sale', '2026-05-22 04:31:42', 'joyax'),
(672, 4, 'OUT', 4, 'Sale', '2026-05-22 04:31:42', 'joyax'),
(673, 23, 'OUT', 1, 'Sale', '2026-05-22 04:31:42', 'joyax'),
(674, 21, 'OUT', 5, 'Sale', '2026-05-22 04:39:27', 'joyax'),
(675, 27, 'OUT', 2, 'Sale', '2026-05-22 04:39:27', 'joyax'),
(676, 2, 'OUT', 20, 'Sale', '2026-05-22 04:41:38', 'joyax'),
(677, 2, 'OUT', 4, 'Sale', '2026-05-22 04:50:31', 'joyax'),
(678, 21, 'OUT', 2, 'Sale', '2026-05-22 05:10:39', 'joyax'),
(679, 27, 'OUT', 1, 'Sale', '2026-05-22 05:10:39', 'joyax'),
(680, 1, 'OUT', 7, 'Sale', '2026-05-22 05:32:25', 'joyax'),
(681, 1, 'OUT', 5, 'Sale', '2026-05-22 05:32:34', 'joyax'),
(682, 23, 'OUT', 1, 'Sale', '2026-05-22 05:32:34', 'joyax'),
(683, 8, 'OUT', 1, 'Sale', '2026-05-22 05:40:24', 'joyax'),
(684, 27, 'OUT', 1, 'Sale', '2026-05-22 05:40:24', 'joyax'),
(685, 3, 'OUT', 10, 'Sale', '2026-05-22 05:40:53', 'joyax'),
(686, 12, 'OUT', 10, 'Sale', '2026-05-22 05:40:53', 'joyax'),
(687, 25, 'OUT', 10, 'Sale', '2026-05-22 05:40:53', 'joyax'),
(688, 11, 'OUT', 2, 'Sale', '2026-05-22 05:55:30', 'joyax'),
(689, 12, 'OUT', 3, 'Sale', '2026-05-22 05:55:30', 'joyax'),
(690, 25, 'OUT', 1, 'Sale', '2026-05-22 05:55:30', 'joyax'),
(691, 2, 'OUT', 3, 'Sale', '2026-05-22 06:02:42', 'joyax'),
(692, 43, 'OUT', 4, 'Sale', '2026-05-22 06:02:42', 'joyax'),
(693, 3, 'OUT', 4, 'Sale', '2026-05-22 06:09:01', 'joyax'),
(694, 21, 'OUT', 4, 'Sale', '2026-05-22 06:11:23', 'joyax'),
(695, 3, 'OUT', 20, 'Sale', '2026-05-22 06:11:34', 'joyax'),
(696, 15, 'OUT', 2, 'Sale', '2026-05-22 06:15:21', 'joyax'),
(697, 3, 'OUT', 4, 'Sale', '2026-05-22 06:22:19', 'joyax'),
(698, 11, 'OUT', 4, 'Sale', '2026-05-22 06:22:19', 'joyax'),
(699, 19, 'OUT', 2, 'Sale', '2026-05-22 06:22:19', 'joyax'),
(700, 25, 'OUT', 4, 'Sale', '2026-05-22 06:22:19', 'joyax'),
(701, 15, 'OUT', 2, 'Sale', '2026-05-22 06:22:32', 'joyax'),
(702, 1, 'OUT', 7, 'Sale', '2026-05-22 07:09:25', 'joyax'),
(703, 3, 'OUT', 6, 'Sale', '2026-05-22 07:09:25', 'joyax'),
(704, 8, 'OUT', 10, 'Sale', '2026-05-22 07:19:54', 'joyax'),
(705, 4, 'OUT', 5, 'Sale', '2026-05-22 07:22:58', 'joyax'),
(706, 5, 'OUT', 4, 'Sale', '2026-05-22 07:22:58', 'joyax'),
(707, 8, 'OUT', 5, 'Sale', '2026-05-22 07:22:58', 'joyax'),
(708, 2, 'OUT', 8, 'Sale', '2026-05-22 07:26:32', 'joyax'),
(709, 3, 'OUT', 5, 'Sale', '2026-05-22 07:39:49', 'joyax'),
(710, 10, 'OUT', 1, 'Sale', '2026-05-22 07:46:40', 'joyax'),
(711, 13, 'OUT', 2, 'Sale', '2026-05-22 07:46:40', 'joyax'),
(712, 20, 'OUT', 1, 'Sale', '2026-05-22 07:46:41', 'joyax'),
(713, 42, 'OUT', 2, 'Sale', '2026-05-22 07:46:41', 'joyax'),
(714, 3, 'OUT', 2, 'Sale', '2026-05-22 07:51:05', 'joyax'),
(715, 25, 'OUT', 4, 'Sale', '2026-05-22 07:51:05', 'joyax'),
(716, 1, 'OUT', 5, 'Sale', '2026-05-22 07:52:37', 'joyax'),
(717, 5, 'OUT', 4, 'Sale', '2026-05-22 07:52:37', 'joyax'),
(718, 27, 'OUT', 2, 'Sale', '2026-05-22 07:52:37', 'joyax'),
(719, 1, 'OUT', 3, 'Sale', '2026-05-22 08:32:58', 'joyax'),
(720, 11, 'OUT', 3, 'Sale', '2026-05-22 08:32:58', 'joyax'),
(721, 19, 'OUT', 2, 'Sale', '2026-05-22 08:32:58', 'joyax'),
(722, 1, 'OUT', 2, 'Sale', '2026-05-22 08:40:31', 'joyax'),
(723, 1, 'OUT', 5, 'Sale', '2026-05-22 09:51:01', 'joyax'),
(724, 1, 'OUT', 12, 'Sale', '2026-05-22 09:51:12', 'joyax'),
(725, 5, 'OUT', 4, 'Sale', '2026-05-22 09:51:24', 'joyax'),
(726, 8, 'OUT', 10, 'Sale', '2026-05-22 09:51:42', 'joyax'),
(727, 1, 'OUT', 10, 'Sale', '2026-05-22 09:53:36', 'joyax'),
(728, 8, 'OUT', 2, 'Sale', '2026-05-22 09:53:36', 'joyax'),
(729, 19, 'OUT', 1, 'Sale', '2026-05-22 09:53:36', 'joyax'),
(730, 1, 'OUT', 7, 'Sale', '2026-05-22 09:59:20', 'joyax'),
(731, 1, 'OUT', 5, 'Sale', '2026-05-22 09:59:50', 'joyax'),
(732, 5, 'OUT', 4, 'Sale', '2026-05-22 09:59:50', 'joyax'),
(733, 42, 'OUT', 1, 'Sale', '2026-05-22 09:59:50', 'joyax'),
(734, 2, 'OUT', 4, 'Sale', '2026-05-22 10:01:01', 'joyax'),
(735, 4, 'OUT', 2, 'Sale', '2026-05-22 10:01:01', 'joyax'),
(736, 5, 'OUT', 2, 'Sale', '2026-05-22 10:01:01', 'joyax'),
(737, 13, 'OUT', 2, 'Sale', '2026-05-22 10:01:01', 'joyax'),
(738, 42, 'OUT', 2, 'Sale', '2026-05-22 10:01:01', 'joyax'),
(739, 13, 'OUT', 5, 'Sale', '2026-05-22 10:06:59', 'joyax'),
(740, 42, 'OUT', 5, 'Sale', '2026-05-22 10:06:59', 'joyax'),
(741, 1, 'IN', 91, 'joy', '2026-05-22 10:09:38', 'joyax'),
(742, 8, 'IN', 94, 'joy', '2026-05-22 10:11:05', 'joyax'),
(743, 9, 'IN', 70, 'joy', '2026-05-22 10:12:36', 'joyax'),
(744, 4, 'IN', 24, 'joy', '2026-05-22 10:13:13', 'joyax'),
(745, 13, 'IN', 34, 'joy', '2026-05-22 10:13:53', 'joyax'),
(746, 2, 'OUT', 1, 'Sale', '2026-05-22 10:24:54', 'joyax'),
(747, 14, 'OUT', 2, 'Sale', '2026-05-22 10:24:54', 'joyax'),
(748, 12, 'OUT', 14, 'Sale', '2026-05-22 10:29:26', 'joyax'),
(749, 2, 'OUT', 5, 'Sale', '2026-05-22 10:31:52', 'joyax'),
(750, 1, 'OUT', 22, 'Sale', '2026-05-22 10:37:57', 'joyax'),
(751, 12, 'OUT', 10, 'Sale', '2026-05-22 10:37:57', 'joyax'),
(752, 14, 'OUT', 10, 'Sale', '2026-05-22 10:37:57', 'joyax'),
(753, 23, 'OUT', 5, 'Sale', '2026-05-22 10:37:57', 'joyax'),
(754, 14, 'IN', 56, 'joy', '2026-05-22 10:43:34', 'joyax'),
(755, 11, 'IN', 70, 'joy', '2026-05-22 10:44:13', 'joyax'),
(756, 12, 'IN', 84, 'joy', '2026-05-22 10:45:21', 'joyax'),
(757, 24, 'IN', 70, 'joy', '2026-05-22 10:46:02', 'joyax'),
(758, 17, 'IN', 71, 'joy', '2026-05-22 22:33:27', 'joyax'),
(759, 5, 'OUT', 4, 'Sale', '2026-05-22 22:34:24', 'joyax'),
(760, 12, 'OUT', 6, 'Sale', '2026-05-22 22:34:24', 'joyax'),
(761, 15, 'OUT', 1, 'Sale', '2026-05-22 22:34:24', 'joyax'),
(762, 2, 'OUT', 6, 'Sale', '2026-05-22 23:35:02', 'joyax'),
(763, 27, 'OUT', 3, 'Sale', '2026-05-22 23:35:02', 'joyax'),
(764, 14, 'OUT', 5, 'Sale', '2026-05-22 23:35:33', 'joyax'),
(765, 15, 'OUT', 1, 'Sale', '2026-05-22 23:35:33', 'joyax'),
(766, 1, 'OUT', 7, 'Sale', '2026-05-22 23:53:22', 'joyax'),
(767, 9, 'OUT', 7, 'Sale', '2026-05-22 23:53:22', 'joyax'),
(768, 2, 'OUT', 1, 'Sale', '2026-05-23 00:03:25', 'joyax'),
(769, 1, 'OUT', 6, 'Sale', '2026-05-23 00:24:49', 'joyax'),
(770, 2, 'OUT', 5, 'Sale', '2026-05-23 00:24:49', 'joyax'),
(771, 12, 'OUT', 5, 'Sale', '2026-05-23 00:24:49', 'joyax'),
(772, 25, 'OUT', 5, 'Sale', '2026-05-23 00:24:49', 'joyax'),
(773, 17, 'OUT', 4, 'Sale', '2026-05-23 00:26:37', 'joyax'),
(774, 42, 'OUT', 2, 'Sale', '2026-05-23 00:26:37', 'joyax'),
(775, 23, 'OUT', 1, 'Sale', '2026-05-23 00:35:18', 'joyax'),
(776, 12, 'OUT', 10, 'Sale', '2026-05-23 01:12:22', 'joyax'),
(777, 42, 'OUT', 10, 'Sale', '2026-05-23 01:12:22', 'joyax'),
(778, 17, 'OUT', 6, 'Sale', '2026-05-23 01:12:29', 'joyax'),
(779, 2, 'OUT', 4, 'Sale', '2026-05-23 01:24:23', 'joyax'),
(780, 17, 'OUT', 6, 'Sale', '2026-05-23 01:24:23', 'joyax'),
(781, 11, 'OUT', 8, 'Sale', '2026-05-23 01:32:35', 'joyax'),
(782, 23, 'OUT', 1, 'Sale', '2026-05-23 01:36:33', 'joyax'),
(783, 15, 'OUT', 1, 'Sale', '2026-05-23 02:03:53', 'joyax'),
(784, 25, 'OUT', 2, 'Sale', '2026-05-23 02:03:53', 'joyax'),
(785, 3, 'OUT', 5, 'Sale', '2026-05-23 02:11:31', 'joyax'),
(786, 12, 'OUT', 16, 'Sale', '2026-05-23 02:11:31', 'joyax'),
(787, 13, 'OUT', 5, 'Sale', '2026-05-23 02:11:31', 'joyax'),
(788, 17, 'OUT', 10, 'Sale', '2026-05-23 02:11:31', 'joyax'),
(789, 2, 'OUT', 2, 'Sale', '2026-05-23 02:17:58', 'joyax'),
(790, 3, 'OUT', 6, 'Sale', '2026-05-23 02:17:58', 'joyax'),
(791, 8, 'OUT', 6, 'Sale', '2026-05-23 02:17:58', 'joyax'),
(792, 30, 'OUT', 1, 'Sale', '2026-05-23 02:19:29', 'joyax'),
(793, 17, 'OUT', 5, 'Sale', '2026-05-23 02:41:01', 'joyax'),
(794, 42, 'OUT', 5, 'Sale', '2026-05-23 02:41:01', 'joyax'),
(795, 25, 'OUT', 2, 'Sale', '2026-05-23 02:57:03', 'joyax'),
(796, 11, 'OUT', 1, 'Sale', '2026-05-23 03:04:16', 'joyax'),
(797, 12, 'OUT', 1, 'Sale', '2026-05-23 03:04:16', 'joyax'),
(798, 14, 'OUT', 1, 'Sale', '2026-05-23 03:04:16', 'joyax'),
(799, 17, 'OUT', 4, 'Sale', '2026-05-23 03:49:52', 'joyax'),
(800, 17, 'OUT', 8, 'Sale', '2026-05-23 03:55:23', 'joyax'),
(801, 4, 'OUT', 5, 'Sale', '2026-05-23 04:30:25', 'joyax'),
(802, 11, 'OUT', 5, 'Sale', '2026-05-23 04:30:25', 'joyax'),
(803, 5, 'OUT', 2, 'Sale', '2026-05-23 04:52:01', 'joyax'),
(804, 27, 'OUT', 1, 'Sale', '2026-05-23 04:52:01', 'joyax'),
(805, 8, 'OUT', 6, 'Sale', '2026-05-23 04:56:09', 'joyax'),
(806, 42, 'OUT', 4, 'Sale', '2026-05-23 04:56:09', 'joyax'),
(807, 5, 'OUT', 3, 'Sale', '2026-05-23 04:56:26', 'joyax'),
(808, 8, 'OUT', 4, 'Sale', '2026-05-23 04:56:26', 'joyax'),
(809, 11, 'OUT', 6, 'Sale', '2026-05-23 04:59:46', 'joyax'),
(810, 3, 'OUT', 2, 'Sale', '2026-05-23 04:59:55', 'joyax'),
(811, 11, 'OUT', 2, 'Sale', '2026-05-23 04:59:55', 'joyax'),
(812, 1, 'OUT', 2, 'Sale', '2026-05-23 05:40:56', 'joyax'),
(813, 8, 'OUT', 2, 'Sale', '2026-05-23 05:40:56', 'joyax'),
(814, 24, 'OUT', 2, 'Sale', '2026-05-23 05:40:56', 'joyax'),
(815, 5, 'OUT', 9, 'Sale', '2026-05-23 06:32:29', 'joyax'),
(816, 9, 'OUT', 6, 'Sale', '2026-05-23 06:51:16', 'joyax'),
(817, 14, 'OUT', 6, 'Sale', '2026-05-23 06:51:16', 'joyax'),
(818, 17, 'OUT', 1, 'Sale', '2026-05-23 06:51:16', 'joyax'),
(819, 30, 'OUT', 1, 'Sale', '2026-05-23 06:51:16', 'joyax'),
(820, 1, 'OUT', 5, 'Sale', '2026-05-23 06:53:35', 'joyax'),
(821, 33, 'OUT', 1, 'Sale', '2026-05-23 06:53:35', 'joyax'),
(822, 12, 'OUT', 4, 'Sale', '2026-05-23 06:54:39', 'joyax'),
(823, 42, 'OUT', 6, 'Sale', '2026-05-23 06:54:39', 'joyax'),
(824, 30, 'OUT', 3, 'Sale', '2026-05-23 06:56:01', 'joyax'),
(825, 30, 'OUT', 1, 'Sale', '2026-05-23 06:56:10', 'joyax'),
(826, 27, 'OUT', 1, 'Sale', '2026-05-23 07:01:41', 'joyax'),
(827, 11, 'OUT', 10, 'Sale', '2026-05-23 07:02:36', 'joyax'),
(828, 8, 'OUT', 5, 'Sale', '2026-05-23 07:17:46', 'joyax'),
(829, 11, 'OUT', 5, 'Sale', '2026-05-23 07:17:46', 'joyax'),
(830, 8, 'OUT', 10, 'Sale', '2026-05-23 07:17:54', 'joyax'),
(831, 11, 'OUT', 2, 'Sale', '2026-05-23 07:19:34', 'joyax'),
(832, 41, 'OUT', 1, 'Sale', '2026-05-23 07:19:34', 'joyax'),
(833, 2, 'OUT', 2, 'Sale', '2026-05-23 07:36:06', 'joyax'),
(834, 12, 'OUT', 2, 'Sale', '2026-05-23 07:36:06', 'joyax'),
(835, 17, 'OUT', 3, 'Sale', '2026-05-23 07:36:06', 'joyax'),
(836, 42, 'OUT', 3, 'Sale', '2026-05-23 07:36:06', 'joyax'),
(837, 17, 'OUT', 12, 'Sale', '2026-05-23 08:11:51', 'joyax'),
(838, 23, 'OUT', 2, 'Sale', '2026-05-23 08:11:51', 'joyax'),
(839, 17, 'OUT', 11, 'Sale', '2026-05-23 08:12:09', 'joyax'),
(840, 14, 'OUT', 3, 'Sale', '2026-05-23 08:26:36', 'joyax'),
(841, 25, 'OUT', 2, 'Sale', '2026-05-23 08:26:36', 'joyax'),
(842, 5, 'OUT', 4, 'Sale', '2026-05-23 08:27:22', 'joyax'),
(843, 9, 'OUT', 4, 'Sale', '2026-05-23 08:27:22', 'joyax'),
(844, 11, 'OUT', 10, 'Sale', '2026-05-23 08:27:22', 'joyax'),
(845, 3, 'OUT', 1, 'Sale', '2026-05-23 08:36:20', 'joyax'),
(846, 9, 'OUT', 2, 'Sale', '2026-05-23 08:36:20', 'joyax'),
(847, 14, 'OUT', 2, 'Sale', '2026-05-23 08:36:20', 'joyax'),
(848, 21, 'OUT', 3, 'Sale', '2026-05-23 08:36:20', 'joyax'),
(849, 4, 'OUT', 4, 'Sale', '2026-05-23 09:04:25', 'joyax'),
(850, 8, 'OUT', 2, 'Sale', '2026-05-23 09:04:25', 'joyax'),
(851, 2, 'OUT', 2, 'Sale', '2026-05-23 09:08:07', 'joyax'),
(852, 3, 'OUT', 2, 'Sale', '2026-05-23 09:08:07', 'joyax'),
(853, 8, 'OUT', 6, 'Sale', '2026-05-23 09:15:10', 'joyax'),
(854, 14, 'OUT', 6, 'Sale', '2026-05-23 09:15:10', 'joyax'),
(855, 42, 'OUT', 8, 'Sale', '2026-05-23 09:15:10', 'joyax'),
(856, 12, 'OUT', 2, 'Sale', '2026-05-23 09:16:31', 'joyax'),
(857, 11, 'OUT', 7, 'Sale', '2026-05-23 09:21:46', 'joyax'),
(858, 14, 'OUT', 10, 'Sale', '2026-05-23 09:21:46', 'joyax'),
(859, 10, 'OUT', 1, 'Sale', '2026-05-23 09:28:43', 'joyax'),
(860, 12, 'OUT', 6, 'Sale', '2026-05-23 09:28:43', 'joyax'),
(861, 28, 'OUT', 1, 'Sale', '2026-05-23 09:28:43', 'joyax'),
(862, 4, 'OUT', 5, 'Sale', '2026-05-23 09:31:15', 'joyax'),
(863, 8, 'OUT', 5, 'Sale', '2026-05-23 09:31:15', 'joyax'),
(864, 2, 'OUT', 1, 'Sale', '2026-05-23 09:35:09', 'joyax'),
(865, 24, 'OUT', 1, 'Sale', '2026-05-23 09:35:09', 'joyax'),
(866, 8, 'OUT', 12, 'Sale', '2026-05-23 09:51:54', 'joyax'),
(867, 15, 'OUT', 2, 'Sale', '2026-05-23 09:51:54', 'joyax'),
(868, 46, 'OUT', 1, 'Sale', '2026-05-23 09:51:54', 'joyax'),
(869, 46, 'OUT', 2, 'Sale', '2026-05-23 09:52:01', 'joyax'),
(870, 4, 'OUT', 10, 'Sale', '2026-05-23 09:56:39', 'joyax');
INSERT INTO `stock_logs` (`id`, `product_id`, `type`, `quantity`, `note`, `created_at`, `created_by`) VALUES
(871, 8, 'OUT', 4, 'Sale', '2026-05-23 10:06:11', 'joyax'),
(872, 11, 'OUT', 4, 'Sale', '2026-05-23 10:06:11', 'joyax'),
(873, 24, 'OUT', 4, 'Sale', '2026-05-23 10:06:11', 'joyax'),
(874, 8, 'OUT', 6, 'Sale', '2026-05-23 10:06:34', 'joyax'),
(875, 8, 'OUT', 5, 'Sale', '2026-05-23 10:18:02', 'joyax'),
(876, 9, 'OUT', 10, 'Sale', '2026-05-23 10:18:02', 'joyax'),
(877, 10, 'OUT', 5, 'Sale', '2026-05-23 10:18:02', 'joyax'),
(878, 24, 'OUT', 10, 'Sale', '2026-05-23 10:18:02', 'joyax'),
(879, 42, 'OUT', 5, 'Sale', '2026-05-23 10:18:02', 'joyax'),
(880, 4, 'IN', 60, 'joy', '2026-05-23 10:31:30', 'joyax'),
(881, 8, 'IN', 69, 'joys', '2026-05-23 10:36:21', 'joyax'),
(882, 1, 'IN', 125, 'joys', '2026-05-23 10:38:02', 'joyax'),
(883, 3, 'IN', 90, 'joys', '2026-05-23 10:38:31', 'joyax'),
(884, 2, 'IN', 59, 'joys', '2026-05-23 10:39:27', 'joyax'),
(885, 9, 'IN', 54, 'joys', '2026-05-23 10:40:21', 'joyax'),
(886, 11, 'OUT', 4, 'Sale', '2026-05-23 10:42:01', 'joyax'),
(887, 25, 'OUT', 6, 'Sale', '2026-05-23 10:42:01', 'joyax'),
(888, 8, 'OUT', 5, 'Sale', '2026-05-23 10:48:24', 'joyax'),
(889, 11, 'OUT', 5, 'Sale', '2026-05-23 10:48:24', 'joyax'),
(890, 4, 'OUT', 6, 'Sale', '2026-05-23 10:48:45', 'joyax'),
(891, 3, 'OUT', 14, 'Sale', '2026-05-23 10:53:01', 'joyax'),
(892, 1, 'OUT', 4, 'Sale', '2026-05-23 10:53:54', 'joyax'),
(893, 9, 'OUT', 5, 'Sale', '2026-05-23 10:53:54', 'joyax'),
(894, 42, 'OUT', 1, 'Sale', '2026-05-23 10:53:54', 'joyax'),
(895, 30, 'OUT', 2, 'Sale', '2026-05-23 11:12:11', 'joyax'),
(896, 19, 'IN', 21, 'joy', '2026-05-24 03:39:44', 'joyax'),
(897, 27, 'OUT', 1, 'Sale', '2026-05-24 03:43:00', 'joyax'),
(898, 3, 'OUT', 3, 'Sale', '2026-05-24 03:55:33', 'joyax'),
(899, 27, 'OUT', 1, 'Sale', '2026-05-24 03:55:33', 'joyax'),
(900, 24, 'OUT', 20, 'Sale', '2026-05-24 04:26:45', 'joyax'),
(901, 1, 'OUT', 24, 'Sale', '2026-05-24 05:28:55', 'joyax'),
(902, 2, 'OUT', 3, 'Sale', '2026-05-24 05:29:02', 'joyax'),
(903, 3, 'OUT', 10, 'Sale', '2026-05-24 05:29:40', 'joyax'),
(904, 24, 'OUT', 10, 'Sale', '2026-05-24 05:29:40', 'joyax'),
(905, 24, 'OUT', 5, 'Sale', '2026-05-24 05:31:51', 'joyax'),
(906, 25, 'OUT', 5, 'Sale', '2026-05-24 05:31:51', 'joyax'),
(907, 19, 'OUT', 3, 'Sale', '2026-05-24 05:32:01', 'joyax'),
(908, 1, 'OUT', 5, 'Sale', '2026-05-24 05:49:52', 'joyax'),
(909, 2, 'OUT', 5, 'Sale', '2026-05-24 05:49:52', 'joyax'),
(910, 3, 'OUT', 5, 'Sale', '2026-05-24 05:49:52', 'joyax'),
(911, 2, 'OUT', 4, 'Sale', '2026-05-24 06:13:27', 'joyax'),
(912, 3, 'OUT', 6, 'Sale', '2026-05-24 06:13:27', 'joyax'),
(913, 11, 'OUT', 1, 'Sale', '2026-05-24 06:13:27', 'joyax'),
(914, 12, 'OUT', 3, 'Sale', '2026-05-24 06:13:27', 'joyax'),
(915, 1, 'OUT', 12, 'Sale', '2026-05-24 06:14:19', 'joyax'),
(916, 2, 'OUT', 10, 'Sale', '2026-05-24 06:14:19', 'joyax'),
(917, 2, 'OUT', 5, 'Sale', '2026-05-24 06:15:23', 'joyax'),
(918, 3, 'OUT', 5, 'Sale', '2026-05-24 06:15:23', 'joyax'),
(919, 2, 'OUT', 10, 'Sale', '2026-05-24 06:19:30', 'joyax'),
(920, 24, 'OUT', 10, 'Sale', '2026-05-24 06:19:30', 'joyax'),
(921, 25, 'OUT', 1, 'Sale', '2026-05-24 06:19:34', 'joyax'),
(922, 1, 'OUT', 5, 'Sale', '2026-05-24 06:24:25', 'joyax'),
(923, 8, 'OUT', 2, 'Sale', '2026-05-24 06:24:25', 'joyax'),
(924, 1, 'OUT', 10, 'Sale', '2026-05-24 06:33:52', 'joyax'),
(925, 19, 'OUT', 1, 'Sale', '2026-05-24 06:39:45', 'joyax'),
(926, 8, 'OUT', 10, 'Sale', '2026-05-24 06:58:04', 'joyax'),
(927, 9, 'OUT', 10, 'Sale', '2026-05-24 06:58:05', 'joyax'),
(928, 3, 'OUT', 5, 'Sale', '2026-05-24 06:59:55', 'joyax'),
(929, 4, 'OUT', 5, 'Sale', '2026-05-24 06:59:55', 'joyax'),
(930, 3, 'OUT', 6, 'Sale', '2026-05-24 07:00:06', 'joyax'),
(931, 4, 'OUT', 4, 'Sale', '2026-05-24 07:00:06', 'joyax'),
(932, 23, 'OUT', 3, 'Sale', '2026-05-24 07:00:48', 'joyax'),
(933, 23, 'OUT', 5, 'Sale', '2026-05-24 07:02:56', 'joyax'),
(934, 19, 'OUT', 2, 'Sale', '2026-05-24 07:04:08', 'joyax'),
(935, 14, 'OUT', 4, 'Sale', '2026-05-24 07:05:40', 'joyax'),
(936, 8, 'OUT', 10, 'Sale', '2026-05-24 07:14:59', 'joyax'),
(937, 42, 'OUT', 1, 'Sale', '2026-05-24 07:14:59', 'joyax'),
(938, 8, 'OUT', 2, 'Sale', '2026-05-24 07:19:34', 'joyax'),
(939, 12, 'OUT', 5, 'Sale', '2026-05-24 07:38:04', 'joyax'),
(940, 3, 'OUT', 3, 'Sale', '2026-05-24 08:06:53', 'joyax'),
(941, 8, 'OUT', 3, 'Sale', '2026-05-24 08:06:53', 'joyax'),
(942, 11, 'OUT', 2, 'Sale', '2026-05-24 08:06:53', 'joyax'),
(943, 4, 'OUT', 3, 'Sale', '2026-05-24 08:22:49', 'joyax'),
(944, 9, 'OUT', 3, 'Sale', '2026-05-24 08:22:49', 'joyax'),
(945, 8, 'OUT', 6, 'Sale', '2026-05-24 08:25:29', 'joyax'),
(946, 11, 'OUT', 4, 'Sale', '2026-05-24 08:25:29', 'joyax'),
(947, 2, 'OUT', 10, 'Sale', '2026-05-24 08:27:39', 'joyax'),
(948, 3, 'OUT', 10, 'Sale', '2026-05-24 08:27:39', 'joyax'),
(949, 1, 'OUT', 25, 'Sale', '2026-05-24 08:35:25', 'joyax'),
(950, 1, 'OUT', 12, 'Sale', '2026-05-24 08:35:32', 'joyax'),
(951, 25, 'OUT', 5, 'Sale', '2026-05-24 08:36:13', 'joyax'),
(952, 8, 'OUT', 10, 'Sale', '2026-05-24 09:26:13', 'joyax'),
(953, 19, 'OUT', 2, 'Sale', '2026-05-24 09:26:13', 'joyax'),
(954, 2, 'OUT', 5, 'Sale', '2026-05-24 09:30:34', 'joyax'),
(955, 11, 'OUT', 5, 'Sale', '2026-05-24 09:30:34', 'joyax'),
(956, 33, 'OUT', 1, 'Sale', '2026-05-24 09:30:34', 'joyax'),
(957, 1, 'OUT', 5, 'Sale', '2026-05-24 09:33:43', 'joyax'),
(958, 11, 'OUT', 2, 'Sale', '2026-05-24 09:46:41', 'joyax'),
(959, 12, 'OUT', 4, 'Sale', '2026-05-24 09:46:41', 'joyax'),
(960, 6, 'IN', 54, 'joys', '2026-05-24 10:07:34', 'joyax'),
(961, 1, 'IN', 39, 'joys', '2026-05-24 10:09:58', 'joyax'),
(962, 9, 'IN', 36, 'joys', '2026-05-24 10:10:15', 'joyax'),
(963, 12, 'IN', 58, 'joys', '2026-05-24 10:10:33', 'joyax'),
(964, 4, 'IN', 36, 'joys', '2026-05-24 10:11:01', 'joyax'),
(965, 8, 'IN', 120, 'joys', '2026-05-24 10:11:21', 'joyax'),
(966, 11, 'IN', 90, 'joys', '2026-05-24 10:11:46', 'joyax'),
(967, 15, 'IN', 9, 'joys', '2026-05-24 10:12:16', 'joyax'),
(968, 46, 'IN', 9, 'joys', '2026-05-24 10:12:37', 'joyax'),
(969, 19, 'OUT', 1, 'Sale', '2026-05-24 10:15:43', 'joyax'),
(970, 25, 'OUT', 1, 'Sale', '2026-05-24 10:15:43', 'joyax'),
(971, 27, 'OUT', 1, 'Sale', '2026-05-24 10:15:43', 'joyax'),
(972, 11, 'OUT', 20, 'Sale', '2026-05-24 10:51:22', 'joyax'),
(973, 4, 'OUT', 2, 'Sale', '2026-05-24 10:52:25', 'joyax'),
(974, 6, 'OUT', 2, 'Sale', '2026-05-24 22:50:05', 'joyax'),
(975, 9, 'OUT', 1, 'Sale', '2026-05-24 22:50:05', 'joyax'),
(976, 1, 'OUT', 7, 'Sale', '2026-05-24 22:56:35', 'joyax'),
(977, 2, 'OUT', 4, 'Sale', '2026-05-24 22:56:35', 'joyax'),
(978, 1, 'OUT', 7, 'Sale', '2026-05-24 23:15:02', 'joyax'),
(979, 9, 'OUT', 7, 'Sale', '2026-05-24 23:15:02', 'joyax'),
(980, 24, 'OUT', 12, 'Sale', '2026-05-24 23:19:50', 'joyax'),
(981, 42, 'OUT', 8, 'Sale', '2026-05-24 23:19:50', 'joyax'),
(982, 3, 'OUT', 2, 'Sale', '2026-05-24 23:37:23', 'joyax'),
(983, 23, 'OUT', 2, 'Sale', '2026-05-24 23:58:47', 'joyax'),
(984, 25, 'OUT', 2, 'Sale', '2026-05-24 23:58:47', 'joyax'),
(985, 3, 'OUT', 10, 'Sale', '2026-05-25 00:12:34', 'joyax'),
(986, 19, 'OUT', 3, 'Sale', '2026-05-25 00:12:34', 'joyax'),
(987, 31, 'OUT', 1, 'Sale', '2026-05-25 00:12:34', 'joyax'),
(988, 4, 'OUT', 4, 'Sale', '2026-05-25 00:25:38', 'joyax'),
(989, 12, 'OUT', 4, 'Sale', '2026-05-25 00:25:38', 'joyax'),
(990, 19, 'OUT', 3, 'Sale', '2026-05-25 00:25:38', 'joyax'),
(991, 25, 'OUT', 10, 'Sale', '2026-05-25 00:25:38', 'joyax'),
(992, 6, 'OUT', 10, 'Sale', '2026-05-25 00:45:32', 'joyax'),
(993, 11, 'OUT', 10, 'Sale', '2026-05-25 00:45:32', 'joyax'),
(994, 4, 'OUT', 10, 'Sale', '2026-05-25 00:49:55', 'joyax'),
(995, 8, 'OUT', 10, 'Sale', '2026-05-25 00:49:55', 'joyax'),
(996, 2, 'OUT', 3, 'Sale', '2026-05-25 01:19:15', 'joyax'),
(997, 3, 'OUT', 3, 'Sale', '2026-05-25 01:19:15', 'joyax'),
(998, 11, 'OUT', 6, 'Sale', '2026-05-25 01:19:15', 'joyax'),
(999, 6, 'OUT', 12, 'Sale', '2026-05-25 01:39:36', 'joyax'),
(1000, 6, 'OUT', 2, 'Sale', '2026-05-25 01:41:08', 'joyax'),
(1001, 11, 'OUT', 2, 'Sale', '2026-05-25 01:41:08', 'joyax'),
(1002, 19, 'OUT', 1, 'Sale', '2026-05-25 01:41:08', 'joyax'),
(1003, 6, 'OUT', 10, 'Sale', '2026-05-25 01:50:45', 'joyax'),
(1004, 11, 'OUT', 4, 'Sale', '2026-05-25 01:50:45', 'joyax'),
(1005, 25, 'OUT', 10, 'Sale', '2026-05-25 01:50:45', 'joyax'),
(1006, 4, 'OUT', 13, 'Sale', '2026-05-25 01:55:08', 'joyax'),
(1007, 8, 'OUT', 13, 'Sale', '2026-05-25 01:55:08', 'joyax'),
(1008, 31, 'OUT', 2, 'Sale', '2026-05-25 01:55:08', 'joyax'),
(1009, 1, 'OUT', 2, 'Sale', '2026-05-25 01:57:53', 'joyax'),
(1010, 1, 'OUT', 12, 'Sale', '2026-05-25 02:10:20', 'joyax'),
(1011, 12, 'OUT', 10, 'Sale', '2026-05-25 02:10:20', 'joyax'),
(1012, 6, 'OUT', 10, 'Sale', '2026-05-25 02:22:04', 'joyax'),
(1013, 11, 'OUT', 10, 'Sale', '2026-05-25 02:22:04', 'joyax'),
(1014, 12, 'OUT', 10, 'Sale', '2026-05-25 02:22:04', 'joyax'),
(1015, 31, 'OUT', 2, 'Sale', '2026-05-25 02:22:04', 'joyax'),
(1016, 4, 'OUT', 10, 'Sale', '2026-05-25 02:23:37', 'joyax'),
(1017, 8, 'OUT', 10, 'Sale', '2026-05-25 02:23:37', 'joyax'),
(1018, 11, 'OUT', 10, 'Sale', '2026-05-25 02:23:37', 'joyax'),
(1019, 12, 'OUT', 10, 'Sale', '2026-05-25 02:23:37', 'joyax'),
(1020, 3, 'OUT', 3, 'Sale', '2026-05-25 02:26:00', 'joyax'),
(1021, 11, 'OUT', 5, 'Sale', '2026-05-25 02:26:00', 'joyax'),
(1022, 1, 'OUT', 12, 'Sale', '2026-05-25 02:44:54', 'joyax'),
(1023, 8, 'OUT', 4, 'Sale', '2026-05-25 03:37:03', 'joyax'),
(1024, 21, 'OUT', 6, 'Sale', '2026-05-25 03:37:03', 'joyax'),
(1025, 1, 'OUT', 2, 'Sale', '2026-05-25 03:37:13', 'joyax'),
(1026, 27, 'OUT', 1, 'Sale', '2026-05-25 03:37:13', 'joyax'),
(1027, 27, 'OUT', 1, 'Sale', '2026-05-25 03:37:20', 'joyax'),
(1028, 23, 'OUT', 1, 'Sale', '2026-05-25 05:08:51', 'joyax'),
(1029, 1, 'OUT', 10, 'Sale', '2026-05-25 05:26:32', 'joyax'),
(1030, 27, 'OUT', 1, 'Sale', '2026-05-25 05:26:32', 'joyax'),
(1031, 15, 'OUT', 1, 'Sale', '2026-05-25 05:47:36', 'joyax'),
(1032, 23, 'OUT', 1, 'Sale', '2026-05-25 05:47:36', 'joyax'),
(1033, 11, 'OUT', 5, 'Sale', '2026-05-25 05:53:26', 'joyax'),
(1034, 21, 'OUT', 4, 'Sale', '2026-05-25 06:14:19', 'joyax'),
(1035, 29, 'OUT', 1, 'Sale', '2026-05-25 06:14:20', 'joyax'),
(1036, 21, 'OUT', 23, 'Sale', '2026-05-25 06:51:05', 'joyax'),
(1037, 21, 'OUT', 5, 'Sale', '2026-05-25 06:51:15', 'joyax'),
(1038, 27, 'OUT', 1, 'Sale', '2026-05-25 06:51:15', 'joyax'),
(1039, 1, 'OUT', 5, 'Sale', '2026-05-25 06:52:41', 'joyax'),
(1040, 8, 'OUT', 6, 'Sale', '2026-05-25 06:56:42', 'joyax'),
(1041, 21, 'OUT', 5, 'Sale', '2026-05-25 06:56:42', 'joyax'),
(1042, 23, 'OUT', 1, 'Sale', '2026-05-25 06:56:42', 'joyax'),
(1043, 6, 'OUT', 6, 'Sale', '2026-05-25 06:58:38', 'joyax'),
(1044, 21, 'OUT', 3, 'Sale', '2026-05-25 06:58:38', 'joyax'),
(1045, 6, 'OUT', 1, 'Sale', '2026-05-25 06:58:44', 'joyax'),
(1046, 8, 'OUT', 8, 'Sale', '2026-05-25 07:07:05', 'joyax'),
(1047, 12, 'OUT', 12, 'Sale', '2026-05-25 07:07:05', 'joyax'),
(1048, 4, 'OUT', 8, 'Sale', '2026-05-25 07:14:08', 'joyax'),
(1049, 8, 'OUT', 4, 'Sale', '2026-05-25 07:41:29', 'joyax'),
(1050, 21, 'OUT', 3, 'Sale', '2026-05-25 07:41:29', 'joyax'),
(1051, 21, 'OUT', 5, 'Sale', '2026-05-25 07:48:02', 'joyax'),
(1052, 21, 'OUT', 1, 'Sale', '2026-05-25 07:54:31', 'joyax'),
(1053, 4, 'OUT', 10, 'Sale', '2026-05-25 07:57:40', 'joyax'),
(1054, 15, 'OUT', 1, 'Sale', '2026-05-25 08:17:35', 'joyax'),
(1055, 3, 'OUT', 6, 'Sale', '2026-05-25 08:35:56', 'joyax'),
(1056, 3, 'OUT', 2, 'Sale', '2026-05-25 08:45:47', 'joyax'),
(1057, 21, 'OUT', 1, 'Sale', '2026-05-25 08:45:47', 'joyax'),
(1058, 46, 'OUT', 1, 'Sale', '2026-05-25 08:51:08', 'joyax'),
(1059, 2, 'OUT', 5, 'Sale', '2026-05-25 09:03:59', 'joyax'),
(1060, 25, 'OUT', 5, 'Sale', '2026-05-25 09:03:59', 'joyax'),
(1061, 2, 'OUT', 5, 'Sale', '2026-05-25 09:06:26', 'joyax'),
(1062, 3, 'OUT', 5, 'Sale', '2026-05-25 09:06:26', 'joyax'),
(1063, 9, 'OUT', 5, 'Sale', '2026-05-25 09:06:26', 'joyax'),
(1064, 27, 'OUT', 2, 'Sale', '2026-05-25 09:06:26', 'joyax'),
(1065, 3, 'OUT', 4, 'Sale', '2026-05-25 09:26:05', 'joyax'),
(1066, 8, 'OUT', 4, 'Sale', '2026-05-25 09:26:05', 'joyax'),
(1067, 21, 'OUT', 4, 'Sale', '2026-05-25 09:26:05', 'joyax'),
(1068, 3, 'OUT', 7, 'Sale', '2026-05-25 09:27:45', 'joyax'),
(1069, 8, 'OUT', 7, 'Sale', '2026-05-25 09:27:45', 'joyax'),
(1070, 15, 'OUT', 1, 'Sale', '2026-05-25 09:31:02', 'joyax'),
(1071, 20, 'OUT', 2, 'Sale', '2026-05-25 09:31:02', 'joyax'),
(1072, 21, 'OUT', 3, 'Sale', '2026-05-25 09:31:02', 'joyax'),
(1073, 2, 'OUT', 6, 'Sale', '2026-05-25 09:31:51', 'joyax'),
(1074, 15, 'OUT', 1, 'Sale', '2026-05-25 09:42:40', 'joyax'),
(1075, 8, 'OUT', 4, 'Sale', '2026-05-25 09:45:31', 'joyax'),
(1076, 3, 'OUT', 5, 'Sale', '2026-05-25 09:50:44', 'joyax'),
(1077, 8, 'OUT', 5, 'Sale', '2026-05-25 09:50:44', 'joyax'),
(1078, 2, 'OUT', 3, 'Sale', '2026-05-25 09:52:03', 'joyax'),
(1079, 3, 'OUT', 3, 'Sale', '2026-05-25 09:52:03', 'joyax'),
(1080, 8, 'OUT', 4, 'Sale', '2026-05-25 09:52:03', 'joyax'),
(1081, 25, 'OUT', 2, 'Sale', '2026-05-25 09:54:36', 'joyax'),
(1082, 2, 'OUT', 30, 'Sale', '2026-05-25 09:58:54', 'joyax'),
(1083, 3, 'OUT', 5, 'Sale', '2026-05-25 10:10:00', 'joyax'),
(1084, 8, 'OUT', 10, 'Sale', '2026-05-25 10:21:22', 'joyax'),
(1085, 3, 'OUT', 6, 'Sale', '2026-05-25 10:23:46', 'joyax'),
(1086, 4, 'OUT', 2, 'Sale', '2026-05-25 10:23:46', 'joyax'),
(1087, 25, 'OUT', 4, 'Sale', '2026-05-25 10:23:46', 'joyax'),
(1088, 42, 'OUT', 3, 'Sale', '2026-05-25 10:23:46', 'joyax'),
(1089, 3, 'OUT', 4, 'Sale', '2026-05-25 10:27:14', 'joyax'),
(1090, 8, 'OUT', 4, 'Sale', '2026-05-25 10:27:14', 'joyax'),
(1091, 27, 'OUT', 1, 'Sale', '2026-05-25 10:47:56', 'joyax'),
(1092, 2, 'IN', 75, 'joys', '2026-05-25 10:56:38', 'joyax'),
(1093, 9, 'IN', 63, 'joys', '2026-05-25 10:57:00', 'joyax'),
(1094, 4, 'IN', 59, 'joys', '2026-05-25 10:57:18', 'joyax'),
(1095, 8, 'IN', 72, 'joys', '2026-05-25 10:58:27', 'joyax'),
(1096, 3, 'IN', 89, 'joys', '2026-05-25 11:00:12', 'joyax'),
(1097, 21, 'IN', 70, 'joys', '2026-05-25 11:01:03', 'joyax'),
(1098, 11, 'IN', 120, 'joys', '2026-05-25 11:01:25', 'joyax'),
(1099, 14, 'IN', 60, 'joys', '2026-05-25 11:01:48', 'joyax'),
(1100, 19, 'IN', 24, 'joys', '2026-05-25 23:06:08', 'joyax'),
(1101, 3, 'OUT', 6, 'Sale', '2026-05-25 23:16:50', 'joyax'),
(1102, 3, 'OUT', 7, 'Sale', '2026-05-25 23:38:24', 'joyax'),
(1103, 9, 'OUT', 7, 'Sale', '2026-05-25 23:38:24', 'joyax'),
(1104, 11, 'OUT', 60, 'Sale', '2026-05-26 00:26:43', 'joyax'),
(1105, 14, 'OUT', 3, 'Sale', '2026-05-26 00:32:03', 'joyax'),
(1106, 19, 'OUT', 1, 'Sale', '2026-05-26 00:32:03', 'joyax'),
(1107, 27, 'OUT', 1, 'Sale', '2026-05-26 00:32:03', 'joyax'),
(1108, 8, 'OUT', 2, 'Sale', '2026-05-26 00:40:25', 'joyax'),
(1109, 19, 'OUT', 1, 'Sale', '2026-05-26 00:40:25', 'joyax'),
(1110, 2, 'OUT', 8, 'Sale', '2026-05-26 00:40:56', 'joyax'),
(1111, 9, 'OUT', 8, 'Sale', '2026-05-26 00:40:56', 'joyax'),
(1112, 46, 'OUT', 1, 'Sale', '2026-05-26 00:42:22', 'joyax'),
(1113, 2, 'OUT', 6, 'Sale', '2026-05-26 00:59:43', 'joyax'),
(1114, 14, 'OUT', 6, 'Sale', '2026-05-26 00:59:43', 'joyax'),
(1115, 8, 'OUT', 10, 'Sale', '2026-05-26 01:26:21', 'joyax'),
(1116, 3, 'OUT', 4, 'Sale', '2026-05-26 01:35:34', 'joyax'),
(1117, 14, 'OUT', 10, 'Sale', '2026-05-26 01:38:25', 'joyax'),
(1118, 9, 'OUT', 5, 'Sale', '2026-05-26 01:43:31', 'joyax'),
(1119, 14, 'OUT', 5, 'Sale', '2026-05-26 01:43:31', 'joyax'),
(1120, 3, 'OUT', 5, 'Sale', '2026-05-26 01:45:47', 'joyax'),
(1121, 14, 'OUT', 5, 'Sale', '2026-05-26 01:45:47', 'joyax'),
(1122, 21, 'OUT', 7, 'Sale', '2026-05-26 01:45:47', 'joyax'),
(1123, 4, 'OUT', 1, 'Sale', '2026-05-26 01:46:26', 'joyax'),
(1124, 3, 'OUT', 2, 'Sale', '2026-05-26 01:50:53', 'joyax'),
(1125, 11, 'OUT', 2, 'Sale', '2026-05-26 01:50:53', 'joyax'),
(1126, 19, 'OUT', 1, 'Sale', '2026-05-26 01:50:53', 'joyax'),
(1127, 25, 'OUT', 2, 'Sale', '2026-05-26 01:52:18', 'joyax'),
(1128, 8, 'OUT', 5, 'Sale', '2026-05-26 02:11:35', 'joyax'),
(1129, 8, 'OUT', 10, 'Sale', '2026-05-26 02:23:53', 'joyax'),
(1130, 9, 'OUT', 8, 'Sale', '2026-05-26 02:23:53', 'joyax'),
(1131, 11, 'OUT', 10, 'Sale', '2026-05-26 02:23:53', 'joyax'),
(1132, 19, 'OUT', 3, 'Sale', '2026-05-26 02:23:53', 'joyax'),
(1133, 4, 'OUT', 2, 'Sale', '2026-05-26 02:24:06', 'joyax'),
(1134, 23, 'OUT', 1, 'Sale', '2026-05-26 02:24:06', 'joyax'),
(1135, 8, 'OUT', 20, 'Sale', '2026-05-26 02:37:28', 'joyax'),
(1136, 14, 'OUT', 10, 'Sale', '2026-05-26 03:04:34', 'joyax'),
(1137, 3, 'OUT', 1, 'Sale', '2026-05-26 03:06:50', 'joyax'),
(1138, 11, 'OUT', 4, 'Sale', '2026-05-26 03:06:50', 'joyax'),
(1139, 19, 'OUT', 1, 'Sale', '2026-05-26 03:06:50', 'joyax'),
(1140, 1, 'OUT', 3, 'Sale', '2026-05-26 03:07:43', 'joyax'),
(1141, 3, 'OUT', 1, 'Sale', '2026-05-26 03:07:43', 'joyax'),
(1142, 27, 'OUT', 1, 'Sale', '2026-05-26 03:08:10', 'joyax'),
(1143, 11, 'OUT', 4, 'Sale', '2026-05-26 03:17:33', 'joyax'),
(1144, 25, 'OUT', 4, 'Sale', '2026-05-26 03:26:47', 'joyax'),
(1145, 11, 'OUT', 2, 'Sale', '2026-05-26 03:51:29', 'joyax'),
(1146, 20, 'OUT', 2, 'Sale', '2026-05-26 03:51:29', 'joyax'),
(1147, 31, 'OUT', 1, 'Sale', '2026-05-26 04:28:54', 'joyax'),
(1148, 3, 'OUT', 1, 'Sale', '2026-05-26 05:37:02', 'joyax'),
(1149, 1, 'OUT', 4, 'Sale', '2026-05-26 05:46:10', 'joyax'),
(1150, 1, 'OUT', 4, 'Sale', '2026-05-26 06:06:40', 'joyax'),
(1151, 8, 'OUT', 2, 'Sale', '2026-05-26 06:06:40', 'joyax'),
(1152, 14, 'OUT', 2, 'Sale', '2026-05-26 06:11:46', 'joyax'),
(1153, 23, 'OUT', 1, 'Sale', '2026-05-26 06:11:46', 'joyax'),
(1154, 28, 'IN', 12, '', '2026-05-26 06:13:48', 'joyax'),
(1155, 31, 'IN', 12, '', '2026-05-26 06:14:22', 'joyax'),
(1156, 3, 'OUT', 5, 'Sale', '2026-05-26 06:23:30', 'joyax'),
(1157, 13, 'OUT', 4, 'Sale', '2026-05-26 06:24:51', 'joyax'),
(1158, 27, 'OUT', 1, 'Sale', '2026-05-26 06:24:51', 'joyax'),
(1159, 48, 'IN', 24, '', '2026-05-26 06:27:38', 'joyax'),
(1160, 47, 'IN', 12, '', '2026-05-26 06:27:52', 'joyax'),
(1161, 3, 'OUT', 10, 'Sale', '2026-05-26 06:29:09', 'joyax'),
(1162, 3, 'OUT', 5, 'Sale', '2026-05-26 06:33:45', 'joyax'),
(1163, 8, 'OUT', 5, 'Sale', '2026-05-26 06:33:45', 'joyax'),
(1164, 12, 'OUT', 5, 'Sale', '2026-05-26 06:33:45', 'joyax'),
(1165, 13, 'OUT', 5, 'Sale', '2026-05-26 06:33:45', 'joyax'),
(1166, 3, 'OUT', 5, 'Sale', '2026-05-26 06:37:59', 'joyax'),
(1167, 12, 'OUT', 5, 'Sale', '2026-05-26 06:37:59', 'joyax'),
(1168, 13, 'OUT', 7, 'Sale', '2026-05-26 06:37:59', 'joyax'),
(1169, 14, 'OUT', 5, 'Sale', '2026-05-26 06:37:59', 'joyax'),
(1170, 13, 'OUT', 2, 'Sale', '2026-05-26 06:38:06', 'joyax'),
(1171, 9, 'OUT', 6, 'Sale', '2026-05-26 06:47:22', 'joyax'),
(1172, 46, 'OUT', 2, 'Sale', '2026-05-26 06:47:22', 'joyax'),
(1173, 13, 'IN', 36, 'joys', '2026-05-26 06:50:48', 'joyax'),
(1174, 1, 'IN', 90, 'joys', '2026-05-26 06:51:19', 'joyax'),
(1175, 2, 'IN', 129, 'joys', '2026-05-26 06:51:48', 'joyax'),
(1176, 3, 'IN', 105, 'joys', '2026-05-26 06:52:23', 'joyax'),
(1177, 12, 'IN', 96, 'joys', '2026-05-26 06:52:51', 'joyax'),
(1178, 4, 'IN', 60, 'joys', '2026-05-26 06:53:13', 'joyax'),
(1179, 8, 'IN', 139, 'joys', '2026-05-26 06:54:49', 'joyax'),
(1180, 11, 'IN', 73, 'joys', '2026-05-26 06:58:02', 'joyax'),
(1181, 24, 'IN', 72, 'joys', '2026-05-26 06:58:41', 'joyax'),
(1182, 13, 'OUT', 6, 'Sale', '2026-05-26 06:59:29', 'joyax'),
(1183, 2, 'OUT', 2, 'Sale', '2026-05-26 06:59:56', 'joyax'),
(1184, 25, 'OUT', 1, 'Sale', '2026-05-26 06:59:56', 'joyax'),
(1185, 1, 'OUT', 4, 'Sale', '2026-05-26 07:00:50', 'joyax'),
(1186, 11, 'OUT', 2, 'Sale', '2026-05-26 07:00:50', 'joyax'),
(1187, 12, 'OUT', 4, 'Sale', '2026-05-26 07:00:50', 'joyax'),
(1188, 41, 'OUT', 2, 'Sale', '2026-05-26 07:03:37', 'joyax'),
(1189, 8, 'OUT', 6, 'Sale', '2026-05-26 07:05:52', 'joyax'),
(1190, 27, 'OUT', 2, 'Sale', '2026-05-26 07:05:52', 'joyax'),
(1191, 2, 'OUT', 8, 'Sale', '2026-05-26 07:07:16', 'joyax'),
(1192, 13, 'OUT', 2, 'Sale', '2026-05-26 07:07:16', 'joyax'),
(1193, 11, 'OUT', 4, 'Sale', '2026-05-26 07:09:31', 'joyax'),
(1194, 13, 'OUT', 2, 'Sale', '2026-05-26 07:09:31', 'joyax'),
(1195, 3, 'OUT', 5, 'Sale', '2026-05-26 07:10:38', 'joyax'),
(1196, 11, 'OUT', 5, 'Sale', '2026-05-26 07:10:38', 'joyax'),
(1197, 13, 'OUT', 6, 'Sale', '2026-05-26 07:13:41', 'joyax'),
(1198, 2, 'OUT', 4, 'Sale', '2026-05-26 07:17:53', 'joyax'),
(1199, 3, 'OUT', 6, 'Sale', '2026-05-26 07:17:53', 'joyax'),
(1200, 3, 'OUT', 20, 'Sale', '2026-05-26 07:19:26', 'joyax'),
(1201, 9, 'OUT', 2, 'Sale', '2026-05-26 07:33:16', 'joyax'),
(1202, 13, 'OUT', 6, 'Sale', '2026-05-26 07:33:16', 'joyax'),
(1203, 30, 'OUT', 2, 'Sale', '2026-05-26 07:33:16', 'joyax'),
(1204, 3, 'OUT', 10, 'Sale', '2026-05-26 07:33:44', 'joyax'),
(1205, 9, 'OUT', 5, 'Sale', '2026-05-26 07:48:04', 'joyax'),
(1206, 8, 'OUT', 6, 'Sale', '2026-05-26 07:52:05', 'joyax'),
(1207, 46, 'OUT', 1, 'Sale', '2026-05-26 07:54:10', 'joyax'),
(1208, 1, 'OUT', 4, 'Sale', '2026-05-26 08:33:24', 'joyax'),
(1209, 3, 'OUT', 2, 'Sale', '2026-05-26 08:33:24', 'joyax'),
(1210, 7, 'OUT', 4, 'Sale', '2026-05-26 08:33:24', 'joyax'),
(1211, 46, 'OUT', 1, 'Sale', '2026-05-26 08:33:24', 'joyax'),
(1212, 1, 'OUT', 4, 'Sale', '2026-05-26 08:34:56', 'joyax'),
(1213, 7, 'OUT', 4, 'Sale', '2026-05-26 08:34:56', 'joyax'),
(1214, 14, 'OUT', 4, 'Sale', '2026-05-26 08:34:56', 'joyax'),
(1215, 4, 'OUT', 8, 'Sale', '2026-05-26 08:39:28', 'joyax'),
(1216, 24, 'OUT', 2, 'Sale', '2026-05-26 08:39:28', 'joyax'),
(1217, 8, 'OUT', 8, 'Sale', '2026-05-26 08:50:06', 'joyax'),
(1218, 24, 'OUT', 6, 'Sale', '2026-05-26 08:50:06', 'joyax'),
(1219, 4, 'OUT', 4, 'Sale', '2026-05-26 08:51:30', 'joyax'),
(1220, 11, 'OUT', 1, 'Sale', '2026-05-26 08:51:30', 'joyax'),
(1221, 3, 'OUT', 1, 'Sale', '2026-05-26 08:53:21', 'joyax'),
(1222, 8, 'OUT', 2, 'Sale', '2026-05-26 08:53:21', 'joyax'),
(1223, 4, 'OUT', 10, 'Sale', '2026-05-26 08:53:39', 'joyax'),
(1224, 8, 'OUT', 4, 'Sale', '2026-05-26 08:57:30', 'joyax'),
(1225, 3, 'OUT', 4, 'Sale', '2026-05-26 09:06:38', 'joyax'),
(1226, 24, 'OUT', 2, 'Sale', '2026-05-26 09:06:38', 'joyax'),
(1227, 3, 'OUT', 5, 'Sale', '2026-05-26 09:07:41', 'joyax'),
(1228, 1, 'OUT', 12, 'Sale', '2026-05-26 09:09:23', 'joyax'),
(1229, 3, 'OUT', 2, 'Sale', '2026-05-26 09:24:39', 'joyax'),
(1230, 11, 'OUT', 2, 'Sale', '2026-05-26 09:24:39', 'joyax'),
(1231, 2, 'OUT', 6, 'Sale', '2026-05-26 09:26:33', 'joyax'),
(1232, 3, 'OUT', 6, 'Sale', '2026-05-26 09:26:33', 'joyax'),
(1233, 8, 'OUT', 8, 'Sale', '2026-05-26 09:26:33', 'joyax'),
(1234, 1, 'OUT', 2, 'Sale', '2026-05-26 09:35:53', 'joyax'),
(1235, 7, 'OUT', 2, 'Sale', '2026-05-26 09:35:53', 'joyax'),
(1236, 8, 'OUT', 6, 'Sale', '2026-05-26 10:10:04', 'joyax'),
(1237, 8, 'OUT', 8, 'Sale', '2026-05-26 10:30:14', 'joyax'),
(1238, 3, 'OUT', 4, 'Sale', '2026-05-26 10:30:48', 'joyax'),
(1239, 11, 'OUT', 6, 'Sale', '2026-05-26 10:30:48', 'joyax'),
(1240, 1, 'OUT', 4, 'Sale', '2026-05-26 10:33:25', 'joyax'),
(1241, 24, 'OUT', 4, 'Sale', '2026-05-26 10:33:25', 'joyax'),
(1242, 4, 'OUT', 10, 'Sale', '2026-05-26 21:55:43', 'joyax'),
(1243, 2, 'OUT', 2, 'Sale', '2026-05-26 21:59:06', 'joyax'),
(1244, 1, 'OUT', 6, 'Sale', '2026-05-26 22:00:42', 'joyax'),
(1245, 3, 'OUT', 4, 'Sale', '2026-05-26 22:00:42', 'joyax'),
(1246, 1, 'OUT', 4, 'Sale', '2026-05-26 22:10:43', 'joyax'),
(1247, 1, 'OUT', 8, 'Sale', '2026-05-26 22:24:41', 'joyax'),
(1248, 19, 'OUT', 1, 'Sale', '2026-05-26 22:24:41', 'joyax'),
(1249, 3, 'OUT', 8, 'Sale', '2026-05-26 22:28:41', 'joyax'),
(1250, 1, 'OUT', 3, 'Sale', '2026-05-26 22:35:49', 'joyax'),
(1251, 2, 'OUT', 5, 'Sale', '2026-05-26 22:44:00', 'joyax'),
(1252, 3, 'OUT', 5, 'Sale', '2026-05-26 22:44:00', 'joyax'),
(1253, 24, 'OUT', 10, 'Sale', '2026-05-26 22:44:00', 'joyax'),
(1254, 3, 'OUT', 3, 'Sale', '2026-05-26 22:46:18', 'joyax'),
(1255, 12, 'OUT', 3, 'Sale', '2026-05-26 22:46:18', 'joyax'),
(1256, 3, 'OUT', 4, 'Sale', '2026-05-26 23:12:58', 'joyax'),
(1257, 11, 'OUT', 3, 'Sale', '2026-05-27 00:19:33', 'joyax'),
(1258, 4, 'OUT', 10, 'Sale', '2026-05-27 00:26:31', 'joyax'),
(1259, 9, 'OUT', 10, 'Sale', '2026-05-27 00:26:31', 'joyax'),
(1260, 2, 'OUT', 2, 'Sale', '2026-05-27 00:32:33', 'joyax'),
(1261, 3, 'OUT', 2, 'Sale', '2026-05-27 00:32:33', 'joyax'),
(1262, 3, 'OUT', 7, 'Sale', '2026-05-27 00:36:13', 'joyax'),
(1263, 9, 'OUT', 7, 'Sale', '2026-05-27 00:36:13', 'joyax'),
(1264, 11, 'OUT', 10, 'Sale', '2026-05-27 00:36:31', 'joyax'),
(1265, 12, 'OUT', 10, 'Sale', '2026-05-27 00:36:31', 'joyax'),
(1266, 8, 'OUT', 4, 'Sale', '2026-05-27 00:36:41', 'joyax'),
(1267, 2, 'OUT', 5, 'Sale', '2026-05-27 00:38:34', 'joyax'),
(1268, 25, 'IN', 142, 'joys', '2026-05-27 00:40:24', 'joyax'),
(1269, 25, 'OUT', 4, 'Sale', '2026-05-27 00:40:39', 'joyax'),
(1270, 1, 'OUT', 8, 'Sale', '2026-05-27 01:09:43', 'joyax'),
(1271, 2, 'OUT', 4, 'Sale', '2026-05-27 01:09:43', 'joyax'),
(1272, 2, 'OUT', 10, 'Sale', '2026-05-27 01:10:01', 'joyax'),
(1273, 11, 'OUT', 10, 'Sale', '2026-05-27 01:10:01', 'joyax'),
(1274, 11, 'OUT', 5, 'Sale', '2026-05-27 01:10:16', 'joyax'),
(1275, 24, 'OUT', 5, 'Sale', '2026-05-27 01:10:16', 'joyax'),
(1276, 12, 'OUT', 6, 'Sale', '2026-05-27 01:36:15', 'joyax'),
(1277, 24, 'OUT', 6, 'Sale', '2026-05-27 01:36:15', 'joyax'),
(1278, 11, 'OUT', 3, 'Sale', '2026-05-27 01:38:22', 'joyax'),
(1279, 12, 'OUT', 3, 'Sale', '2026-05-27 01:38:22', 'joyax'),
(1280, 27, 'OUT', 2, 'Sale', '2026-05-27 01:39:02', 'joyax'),
(1281, 1, 'OUT', 4, 'Sale', '2026-05-27 01:41:26', 'joyax'),
(1282, 2, 'OUT', 4, 'Sale', '2026-05-27 01:41:26', 'joyax'),
(1283, 3, 'OUT', 2, 'Sale', '2026-05-27 01:41:26', 'joyax'),
(1284, 12, 'OUT', 10, 'Sale', '2026-05-27 01:53:10', 'joyax'),
(1285, 24, 'OUT', 10, 'Sale', '2026-05-27 01:53:10', 'joyax'),
(1286, 2, 'OUT', 4, 'Sale', '2026-05-27 01:56:36', 'joyax'),
(1287, 46, 'OUT', 1, 'Sale', '2026-05-27 01:56:36', 'joyax'),
(1288, 7, 'OUT', 1, 'Sale', '2026-05-27 02:55:32', 'joyax'),
(1289, 11, 'OUT', 10, 'Sale', '2026-05-27 02:55:32', 'joyax'),
(1290, 23, 'OUT', 1, 'Sale', '2026-05-27 02:55:32', 'joyax'),
(1291, 2, 'OUT', 2, 'Sale', '2026-05-27 02:58:47', 'joyax'),
(1292, 14, 'OUT', 2, 'Sale', '2026-05-27 02:58:47', 'joyax'),
(1293, 24, 'OUT', 2, 'Sale', '2026-05-27 02:58:47', 'joyax'),
(1294, 4, 'OUT', 3, 'Sale', '2026-05-27 03:15:58', 'joyax'),
(1295, 11, 'OUT', 3, 'Sale', '2026-05-27 03:15:58', 'joyax'),
(1296, 24, 'OUT', 10, 'Sale', '2026-05-27 03:17:56', 'joyax'),
(1297, 11, 'OUT', 10, 'Sale', '2026-05-27 03:30:31', 'joyax'),
(1298, 12, 'OUT', 6, 'Sale', '2026-05-27 03:33:12', 'joyax'),
(1299, 14, 'OUT', 2, 'Sale', '2026-05-27 03:50:41', 'joyax'),
(1300, 7, 'OUT', 4, 'Sale', '2026-05-27 04:08:37', 'joyax'),
(1301, 9, 'OUT', 4, 'Sale', '2026-05-27 04:08:37', 'joyax'),
(1302, 2, 'OUT', 4, 'Sale', '2026-05-27 04:28:00', 'joyax'),
(1303, 7, 'OUT', 5, 'Sale', '2026-05-27 05:41:02', 'joyax'),
(1304, 9, 'OUT', 6, 'Sale', '2026-05-27 05:41:02', 'joyax'),
(1305, 13, 'IN', 36, 'joys', '2026-05-27 05:52:10', 'joyax'),
(1306, 17, 'IN', 67, 'joys', '2026-05-27 05:52:56', 'joyax'),
(1307, 4, 'OUT', 4, 'Sale', '2026-05-27 06:07:07', 'joyax'),
(1308, 13, 'OUT', 4, 'Sale', '2026-05-27 06:07:07', 'joyax'),
(1309, 4, 'OUT', 4, 'Sale', '2026-05-27 06:09:27', 'joyax'),
(1310, 7, 'OUT', 4, 'Sale', '2026-05-27 06:12:10', 'joyax'),
(1311, 8, 'OUT', 5, 'Sale', '2026-05-27 06:17:47', 'joyax'),
(1312, 13, 'OUT', 3, 'Sale', '2026-05-27 06:17:47', 'joyax'),
(1313, 15, 'OUT', 3, 'Sale', '2026-05-27 06:35:59', 'joyax'),
(1314, 11, 'OUT', 10, 'Sale', '2026-05-27 06:42:14', 'joyax'),
(1315, 2, 'OUT', 5, 'Sale', '2026-05-27 06:45:23', 'joyax'),
(1316, 11, 'OUT', 5, 'Sale', '2026-05-27 06:45:23', 'joyax'),
(1317, 14, 'OUT', 4, 'Sale', '2026-05-27 06:45:23', 'joyax'),
(1318, 1, 'OUT', 4, 'Sale', '2026-05-27 07:00:39', 'joyax'),
(1319, 27, 'OUT', 3, 'Sale', '2026-05-27 07:00:39', 'joyax'),
(1320, 13, 'OUT', 10, 'Sale', '2026-05-27 07:03:23', 'joyax'),
(1321, 17, 'OUT', 10, 'Sale', '2026-05-27 07:03:23', 'joyax'),
(1322, 1, 'OUT', 10, 'Sale', '2026-05-27 07:07:42', 'joyax'),
(1323, 11, 'OUT', 4, 'Sale', '2026-05-27 07:07:42', 'joyax'),
(1324, 28, 'OUT', 1, 'Sale', '2026-05-27 07:07:42', 'joyax'),
(1325, 29, 'OUT', 3, 'Sale', '2026-05-27 07:07:42', 'joyax'),
(1326, 31, 'OUT', 1, 'Sale', '2026-05-27 07:08:03', 'joyax'),
(1327, 12, 'OUT', 3, 'Sale', '2026-05-27 07:10:14', 'joyax'),
(1328, 17, 'OUT', 8, 'Sale', '2026-05-27 07:18:32', 'joyax'),
(1329, 1, 'OUT', 3, 'Sale', '2026-05-27 07:20:18', 'joyax'),
(1330, 12, 'OUT', 2, 'Sale', '2026-05-27 07:20:18', 'joyax'),
(1331, 17, 'OUT', 6, 'Sale', '2026-05-27 07:21:40', 'joyax'),
(1332, 30, 'OUT', 2, 'Sale', '2026-05-27 07:25:31', 'joyax'),
(1333, 17, 'IN', 45, 'joys', '2026-05-27 07:45:02', 'joyax'),
(1334, 9, 'OUT', 2, 'Sale', '2026-05-27 08:22:13', 'joyax'),
(1335, 14, 'OUT', 1, 'Sale', '2026-05-27 08:22:13', 'joyax'),
(1336, 11, 'OUT', 2, 'Sale', '2026-05-27 08:31:12', 'joyax'),
(1337, 14, 'OUT', 2, 'Sale', '2026-05-27 08:31:12', 'joyax'),
(1338, 23, 'OUT', 1, 'Sale', '2026-05-27 08:31:12', 'joyax'),
(1339, 17, 'OUT', 1, 'Sale', '2026-05-27 08:31:55', 'joyax'),
(1340, 7, 'OUT', 2, 'Sale', '2026-05-27 08:48:26', 'joyax'),
(1341, 14, 'OUT', 4, 'Sale', '2026-05-27 09:05:37', 'joyax'),
(1342, 17, 'OUT', 4, 'Sale', '2026-05-27 09:05:37', 'joyax'),
(1343, 12, 'OUT', 2, 'Sale', '2026-05-27 09:10:20', 'joyax'),
(1344, 9, 'OUT', 4, 'Sale', '2026-05-27 09:31:59', 'joyax'),
(1345, 13, 'OUT', 3, 'Sale', '2026-05-27 09:31:59', 'joyax'),
(1346, 1, 'OUT', 4, 'Sale', '2026-05-27 09:34:42', 'joyax'),
(1347, 13, 'OUT', 4, 'Sale', '2026-05-27 09:34:42', 'joyax'),
(1348, 1, 'OUT', 1, 'Sale', '2026-05-27 09:35:57', 'joyax'),
(1349, 8, 'OUT', 3, 'Sale', '2026-05-27 09:35:57', 'joyax'),
(1350, 27, 'OUT', 1, 'Sale', '2026-05-27 09:37:26', 'joyax'),
(1351, 1, 'OUT', 4, 'Sale', '2026-05-27 09:59:01', 'joyax'),
(1352, 11, 'OUT', 14, 'Sale', '2026-05-27 10:23:22', 'joyax'),
(1353, 27, 'OUT', 1, 'Sale', '2026-05-27 10:25:20', 'joyax'),
(1354, 1, 'IN', 100, 'joys', '2026-05-27 10:26:23', 'joyax'),
(1355, 14, 'IN', 56, 'joys', '2026-05-27 10:26:55', 'joyax'),
(1356, 2, 'IN', 25, 'joys', '2026-05-27 10:27:15', 'joyax'),
(1357, 3, 'IN', 100, 'joys', '2026-05-27 10:27:34', 'joyax'),
(1358, 4, 'IN', 60, 'joys', '2026-05-27 10:28:48', 'joyax'),
(1359, 8, 'IN', 137, 'joys', '2026-05-27 10:29:10', 'joyax'),
(1360, 3, 'OUT', 10, 'Sale', '2026-05-27 10:30:27', 'joyax'),
(1361, 3, 'OUT', 4, 'Sale', '2026-05-27 10:30:41', 'joyax'),
(1362, 3, 'OUT', 3, 'Sale', '2026-05-27 10:30:49', 'joyax'),
(1363, 24, 'OUT', 6, 'Sale', '2026-05-27 10:33:22', 'joyax'),
(1364, 17, 'OUT', 6, 'Sale', '2026-05-27 10:46:00', 'joyax'),
(1365, 14, 'OUT', 10, 'Sale', '2026-05-27 10:47:25', 'joyax'),
(1366, 3, 'OUT', 5, 'Sale', '2026-05-27 22:01:02', 'joyax'),
(1367, 12, 'OUT', 5, 'Sale', '2026-05-27 22:01:02', 'joyax'),
(1368, 3, 'OUT', 10, 'Sale', '2026-05-27 22:32:44', 'joyax'),
(1369, 17, 'OUT', 10, 'Sale', '2026-05-27 22:32:44', 'joyax'),
(1370, 3, 'OUT', 5, 'Sale', '2026-05-27 22:42:31', 'joyax'),
(1371, 24, 'OUT', 5, 'Sale', '2026-05-27 22:42:31', 'joyax'),
(1372, 24, 'IN', 72, 'joys', '2026-05-27 22:43:34', 'joyax'),
(1373, 10, 'IN', 17, 'joys', '2026-05-27 22:44:10', 'joyax'),
(1374, 3, 'OUT', 1, 'Sale', '2026-05-27 22:47:49', 'joyax'),
(1375, 15, 'OUT', 1, 'Sale', '2026-05-27 22:59:43', 'joyax'),
(1376, 3, 'OUT', 5, 'Sale', '2026-05-27 23:04:24', 'joyax'),
(1377, 23, 'OUT', 2, 'Sale', '2026-05-27 23:08:19', 'joyax'),
(1378, 12, 'OUT', 2, 'Sale', '2026-05-27 23:36:46', 'joyax'),
(1379, 17, 'OUT', 2, 'Sale', '2026-05-27 23:36:46', 'joyax'),
(1380, 17, 'OUT', 10, 'Sale', '2026-05-27 23:43:18', 'joyax'),
(1381, 1, 'OUT', 4, 'Sale', '2026-05-27 23:49:43', 'joyax'),
(1382, 1, 'OUT', 7, 'Sale', '2026-05-27 23:55:44', 'joyax'),
(1383, 9, 'OUT', 7, 'Sale', '2026-05-27 23:55:44', 'joyax'),
(1384, 2, 'OUT', 4, 'Sale', '2026-05-28 00:04:59', 'joyax'),
(1385, 3, 'OUT', 4, 'Sale', '2026-05-28 00:04:59', 'joyax'),
(1386, 24, 'OUT', 2, 'Sale', '2026-05-28 00:04:59', 'joyax'),
(1387, 3, 'OUT', 5, 'Sale', '2026-05-28 00:08:27', 'joyax'),
(1388, 4, 'OUT', 5, 'Sale', '2026-05-28 00:08:27', 'joyax'),
(1389, 8, 'OUT', 5, 'Sale', '2026-05-28 00:08:27', 'joyax'),
(1390, 24, 'OUT', 2, 'Sale', '2026-05-28 00:08:27', 'joyax'),
(1391, 14, 'OUT', 6, 'Sale', '2026-05-28 00:09:59', 'joyax'),
(1392, 10, 'OUT', 4, 'Sale', '2026-05-28 00:14:33', 'joyax'),
(1393, 45, 'OUT', 3, 'Sale', '2026-05-28 00:16:25', 'joyax'),
(1394, 3, 'OUT', 10, 'Sale', '2026-05-28 00:35:01', 'joyax'),
(1395, 1, 'OUT', 5, 'Sale', '2026-05-28 00:57:55', 'joyax'),
(1396, 3, 'OUT', 2, 'Sale', '2026-05-28 00:57:55', 'joyax'),
(1397, 32, 'OUT', 1, 'Sale', '2026-05-28 00:57:55', 'joyax'),
(1398, 1, 'OUT', 6, 'Sale', '2026-05-28 01:10:11', 'joyax'),
(1399, 1, 'OUT', 8, 'Sale', '2026-05-28 01:26:38', 'joyax'),
(1400, 9, 'OUT', 8, 'Sale', '2026-05-28 01:26:38', 'joyax'),
(1401, 12, 'OUT', 10, 'Sale', '2026-05-28 01:36:54', 'joyax'),
(1402, 17, 'OUT', 5, 'Sale', '2026-05-28 01:36:54', 'joyax'),
(1403, 3, 'OUT', 4, 'Sale', '2026-05-28 01:46:28', 'joyax'),
(1404, 1, 'OUT', 8, 'Sale', '2026-05-28 01:54:46', 'joyax'),
(1405, 24, 'OUT', 20, 'Sale', '2026-05-28 01:58:00', 'joyax'),
(1406, 3, 'OUT', 5, 'Sale', '2026-05-28 02:01:28', 'joyax'),
(1407, 3, 'OUT', 1, 'Sale', '2026-05-28 02:16:35', 'joyax'),
(1408, 13, 'OUT', 5, 'Sale', '2026-05-28 02:16:35', 'joyax'),
(1409, 17, 'OUT', 6, 'Sale', '2026-05-28 02:16:35', 'joyax'),
(1410, 3, 'OUT', 6, 'Sale', '2026-05-28 02:20:51', 'joyax'),
(1411, 9, 'OUT', 6, 'Sale', '2026-05-28 02:20:51', 'joyax'),
(1412, 20, 'OUT', 2, 'Sale', '2026-05-28 02:20:51', 'joyax'),
(1413, 24, 'OUT', 6, 'Sale', '2026-05-28 03:10:07', 'joyax'),
(1414, 31, 'OUT', 1, 'Sale', '2026-05-28 03:10:07', 'joyax'),
(1415, 45, 'IN', 141, 'joys', '2026-05-28 03:22:51', 'joyax'),
(1416, 42, 'IN', 140, 'joys', '2026-05-28 03:24:25', 'joyax'),
(1417, 44, 'IN', 80, 'joys', '2026-05-28 03:27:27', 'joyax'),
(1418, 14, 'OUT', 2, 'Sale', '2026-05-28 03:28:33', 'joyax'),
(1419, 41, 'OUT', 1, 'Sale', '2026-05-28 03:28:33', 'joyax'),
(1420, 15, 'OUT', 1, 'Sale', '2026-05-28 03:29:40', 'joyax');

-- --------------------------------------------------------

--
-- Table structure for table `transactions`
--

CREATE TABLE `transactions` (
  `id` int(11) NOT NULL,
  `customer_id` int(11) DEFAULT NULL,
  `total` decimal(10,2) DEFAULT NULL,
  `created_at` timestamp NOT NULL DEFAULT current_timestamp(),
  `created_by` varchar(255) NOT NULL
) ENGINE=InnoDB DEFAULT CHARSET=utf8mb4 COLLATE=utf8mb4_general_ci;

--
-- Dumping data for table `transactions`
--

INSERT INTO `transactions` (`id`, `customer_id`, `total`, `created_at`, `created_by`) VALUES
(9, NULL, 100.00, '2026-05-11 08:36:33', 'admin'),
(10, NULL, 70.00, '2026-05-11 10:00:58', 'joyax'),
(11, NULL, 40.00, '2026-05-11 10:06:31', 'joyax'),
(12, NULL, 130.00, '2026-05-13 15:08:01', 'admin'),
(13, NULL, 15.00, '2026-05-13 15:12:44', 'joyax'),
(14, NULL, 5.00, '2026-05-15 03:50:56', 'joyax'),
(15, NULL, 100.00, '2026-05-16 08:07:01', 'joyax'),
(16, NULL, 30.00, '2026-05-16 08:25:23', 'joyax'),
(17, NULL, 185.00, '2026-05-16 08:29:16', 'joyax'),
(18, NULL, 130.00, '2026-05-16 08:31:55', 'joyax'),
(19, NULL, 25.00, '2026-05-16 08:36:47', 'joyax'),
(20, NULL, 410.00, '2026-05-16 08:44:28', 'joyax'),
(21, NULL, 60.00, '2026-05-17 08:17:20', 'joyax'),
(22, NULL, 70.00, '2026-05-17 08:34:09', 'joyax'),
(23, NULL, 100.00, '2026-05-17 08:51:27', 'joyax'),
(24, NULL, 30.00, '2026-05-17 08:54:18', 'joyax'),
(25, NULL, 60.00, '2026-05-17 09:03:56', 'joyax'),
(26, NULL, 50.00, '2026-05-17 09:04:51', 'joyax'),
(27, NULL, 70.00, '2026-05-17 09:09:53', 'joyax'),
(28, NULL, 30.00, '2026-05-17 09:13:26', 'joyax'),
(29, NULL, 135.00, '2026-05-17 09:45:25', 'joyax'),
(30, NULL, 45.00, '2026-05-17 09:55:35', 'joyax'),
(31, NULL, 50.00, '2026-05-17 10:01:31', 'joyax'),
(32, NULL, 50.00, '2026-05-17 10:11:12', 'joyax'),
(33, NULL, 20.00, '2026-05-17 10:19:21', 'joyax'),
(34, NULL, 60.00, '2026-05-17 22:16:29', 'joyax'),
(35, NULL, 50.00, '2026-05-17 22:18:09', 'joyax'),
(36, NULL, 50.00, '2026-05-17 22:27:35', 'joyax'),
(37, NULL, 60.00, '2026-05-17 22:46:53', 'joyax'),
(38, NULL, 60.00, '2026-05-17 22:53:26', 'joyax'),
(39, NULL, 70.00, '2026-05-17 23:03:32', 'joyax'),
(40, NULL, 50.00, '2026-05-17 23:08:20', 'joyax'),
(41, NULL, 50.00, '2026-05-17 23:23:15', 'joyax'),
(42, NULL, 30.00, '2026-05-17 23:24:31', 'joyax'),
(43, NULL, 40.00, '2026-05-17 23:38:24', 'joyax'),
(44, NULL, 50.00, '2026-05-17 23:45:03', 'joyax'),
(45, NULL, 100.00, '2026-05-18 00:22:24', 'joyax'),
(46, NULL, 160.00, '2026-05-18 00:45:03', 'joyax'),
(47, NULL, 100.00, '2026-05-18 01:03:53', 'joyax'),
(48, NULL, 20.00, '2026-05-18 01:06:31', 'joyax'),
(49, NULL, 25.00, '2026-05-18 01:30:12', 'joyax'),
(50, NULL, 25.00, '2026-05-18 01:30:32', 'joyax'),
(51, NULL, 100.00, '2026-05-18 01:42:29', 'joyax'),
(52, NULL, 10.00, '2026-05-18 01:43:21', 'joyax'),
(53, NULL, 50.00, '2026-05-18 01:58:43', 'joyax'),
(54, NULL, 60.00, '2026-05-18 02:07:11', 'joyax'),
(55, NULL, 100.00, '2026-05-18 02:09:54', 'joyax'),
(56, NULL, 20.00, '2026-05-18 02:12:23', 'joyax'),
(57, NULL, 35.00, '2026-05-18 02:28:54', 'joyax'),
(58, NULL, 30.00, '2026-05-18 02:32:26', 'joyax'),
(59, NULL, 156.00, '2026-05-18 02:37:16', 'joyax'),
(60, NULL, 45.00, '2026-05-18 03:11:45', 'joyax'),
(61, NULL, 25.00, '2026-05-18 03:19:23', 'joyax'),
(62, NULL, 35.00, '2026-05-18 03:24:19', 'joyax'),
(63, NULL, 40.00, '2026-05-18 03:56:55', 'joyax'),
(64, NULL, 36.00, '2026-05-18 04:10:39', 'joyax'),
(65, NULL, 45.00, '2026-05-18 04:14:55', 'joyax'),
(66, NULL, 100.00, '2026-05-18 04:21:28', 'joyax'),
(67, NULL, 220.00, '2026-05-18 04:49:39', 'joyax'),
(68, NULL, 50.00, '2026-05-18 05:04:38', 'joyax'),
(69, NULL, 20.00, '2026-05-18 05:06:28', 'joyax'),
(70, NULL, 85.00, '2026-05-18 05:27:05', 'joyax'),
(71, NULL, 86.00, '2026-05-18 05:48:15', 'joyax'),
(72, NULL, 120.00, '2026-05-18 05:59:48', 'joyax'),
(73, NULL, 100.00, '2026-05-18 06:12:20', 'joyax'),
(74, NULL, 25.00, '2026-05-18 06:45:52', 'joyax'),
(75, NULL, 187.00, '2026-05-18 06:59:29', 'joyax'),
(76, NULL, 90.00, '2026-05-18 07:19:50', 'joyax'),
(77, NULL, 72.00, '2026-05-18 07:31:29', 'joyax'),
(78, NULL, 50.00, '2026-05-18 07:40:35', 'joyax'),
(79, NULL, 50.00, '2026-05-18 07:44:03', 'joyax'),
(80, NULL, 45.00, '2026-05-18 07:47:17', 'joyax'),
(81, NULL, 50.00, '2026-05-18 08:00:48', 'joyax'),
(82, NULL, 48.00, '2026-05-18 08:19:32', 'joyax'),
(83, NULL, 200.00, '2026-05-18 08:30:10', 'joyax'),
(84, NULL, 15.00, '2026-05-18 08:35:02', 'joyax'),
(85, NULL, 40.00, '2026-05-18 09:07:16', 'joyax'),
(86, NULL, 60.00, '2026-05-18 09:18:00', 'joyax'),
(87, NULL, 100.00, '2026-05-18 09:39:49', 'joyax'),
(88, NULL, 80.00, '2026-05-18 09:58:24', 'joyax'),
(89, NULL, 25.00, '2026-05-18 10:01:40', 'joyax'),
(90, NULL, 50.00, '2026-05-18 10:14:01', 'joyax'),
(91, NULL, 40.00, '2026-05-18 10:20:14', 'joyax'),
(92, NULL, 55.00, '2026-05-18 10:29:37', 'joyax'),
(93, NULL, 20.00, '2026-05-18 10:29:57', 'joyax'),
(94, NULL, 110.00, '2026-05-18 10:58:45', 'joyax'),
(95, NULL, 185.00, '2026-05-18 23:02:10', 'joyax'),
(96, NULL, 70.00, '2026-05-18 23:29:40', 'joyax'),
(97, NULL, 50.00, '2026-05-18 23:42:17', 'joyax'),
(98, NULL, 130.00, '2026-05-19 00:22:00', 'joyax'),
(99, NULL, 230.00, '2026-05-19 00:26:10', 'joyax'),
(100, NULL, 10.00, '2026-05-19 00:26:16', 'joyax'),
(101, NULL, 30.00, '2026-05-19 00:26:33', 'joyax'),
(102, NULL, 30.00, '2026-05-19 00:28:49', 'joyax'),
(103, NULL, 70.00, '2026-05-19 00:53:04', 'joyax'),
(104, NULL, 20.00, '2026-05-19 00:59:03', 'joyax'),
(105, NULL, 100.00, '2026-05-19 01:11:27', 'joyax'),
(106, NULL, 50.00, '2026-05-19 01:12:10', 'joyax'),
(107, NULL, 70.00, '2026-05-19 01:24:38', 'joyax'),
(108, NULL, 75.00, '2026-05-19 01:28:08', 'joyax'),
(109, NULL, 100.00, '2026-05-19 01:49:32', 'joyax'),
(110, NULL, 85.00, '2026-05-19 01:59:19', 'joyax'),
(111, NULL, 50.00, '2026-05-19 02:20:01', 'joyax'),
(112, NULL, 55.00, '2026-05-19 02:22:54', 'joyax'),
(113, NULL, 25.00, '2026-05-19 02:29:36', 'joyax'),
(114, NULL, 75.00, '2026-05-19 02:32:11', 'joyax'),
(115, NULL, 5.00, '2026-05-19 04:29:22', 'joyax'),
(116, NULL, 150.00, '2026-05-19 04:40:07', 'joyax'),
(117, NULL, 10.00, '2026-05-19 04:42:27', 'joyax'),
(118, NULL, 100.00, '2026-05-19 05:12:29', 'joyax'),
(119, NULL, 10.00, '2026-05-19 05:41:33', 'joyax'),
(120, NULL, 65.00, '2026-05-19 05:56:25', 'joyax'),
(121, NULL, 120.00, '2026-05-19 06:24:08', 'joyax'),
(122, NULL, 50.00, '2026-05-19 06:53:44', 'joyax'),
(123, NULL, 95.00, '2026-05-19 07:08:33', 'joyax'),
(124, NULL, 45.00, '2026-05-19 07:16:02', 'joyax'),
(125, NULL, 5.00, '2026-05-19 07:25:23', 'joyax'),
(126, NULL, 35.00, '2026-05-19 07:40:22', 'joyax'),
(127, NULL, 30.00, '2026-05-19 07:41:35', 'joyax'),
(128, NULL, 45.00, '2026-05-19 07:49:07', 'joyax'),
(129, NULL, 55.00, '2026-05-19 08:10:27', 'joyax'),
(130, NULL, 100.00, '2026-05-19 08:10:56', 'joyax'),
(131, NULL, 150.00, '2026-05-19 08:19:46', 'joyax'),
(132, NULL, 5.00, '2026-05-19 08:28:29', 'joyax'),
(133, NULL, 5.00, '2026-05-19 08:28:55', 'joyax'),
(134, NULL, 60.00, '2026-05-19 08:40:32', 'joyax'),
(135, NULL, 15.00, '2026-05-19 08:45:53', 'joyax'),
(136, NULL, 50.00, '2026-05-19 08:46:05', 'joyax'),
(137, NULL, 30.00, '2026-05-19 08:46:17', 'joyax'),
(138, NULL, 30.00, '2026-05-19 08:50:01', 'joyax'),
(139, NULL, 20.00, '2026-05-19 09:26:09', 'joyax'),
(140, NULL, 45.00, '2026-05-19 09:29:25', 'joyax'),
(141, NULL, 30.00, '2026-05-19 09:53:44', 'joyax'),
(142, NULL, 100.00, '2026-05-19 10:18:03', 'joyax'),
(143, NULL, 40.00, '2026-05-19 10:31:30', 'joyax'),
(144, NULL, 20.00, '2026-05-19 10:41:45', 'joyax'),
(145, NULL, 70.00, '2026-05-19 10:49:21', 'joyax'),
(146, NULL, 200.00, '2026-05-19 10:53:54', 'joyax'),
(147, NULL, 10.00, '2026-05-19 10:55:28', 'joyax'),
(148, NULL, 54.00, '2026-05-19 10:56:48', 'joyax'),
(149, NULL, 30.00, '2026-05-19 22:40:15', 'joyax'),
(150, NULL, 45.00, '2026-05-19 23:22:38', 'joyax'),
(151, NULL, 70.00, '2026-05-19 23:32:01', 'joyax'),
(152, NULL, 30.00, '2026-05-19 23:37:55', 'joyax'),
(153, NULL, 70.00, '2026-05-20 00:01:52', 'joyax'),
(154, NULL, 30.00, '2026-05-20 00:11:04', 'joyax'),
(155, NULL, 100.00, '2026-05-20 00:27:35', 'joyax'),
(156, NULL, 20.00, '2026-05-20 00:27:43', 'joyax'),
(157, NULL, 60.00, '2026-05-20 00:28:11', 'joyax'),
(158, NULL, 25.00, '2026-05-20 00:39:18', 'joyax'),
(159, NULL, 35.00, '2026-05-20 01:07:24', 'joyax'),
(160, NULL, 500.00, '2026-05-20 01:20:44', 'joyax'),
(161, NULL, 45.00, '2026-05-20 01:46:48', 'joyax'),
(162, NULL, 100.00, '2026-05-20 01:55:50', 'joyax'),
(163, NULL, 150.00, '2026-05-20 02:05:15', 'joyax'),
(164, NULL, 40.00, '2026-05-20 02:20:24', 'joyax'),
(165, NULL, 50.00, '2026-05-20 02:36:02', 'joyax'),
(166, NULL, 125.00, '2026-05-20 02:39:04', 'joyax'),
(167, NULL, 50.00, '2026-05-20 02:45:35', 'joyax'),
(168, NULL, 200.00, '2026-05-20 03:35:54', 'joyax'),
(169, NULL, 45.00, '2026-05-20 04:06:33', 'joyax'),
(170, NULL, 50.00, '2026-05-20 04:14:35', 'joyax'),
(171, NULL, 50.00, '2026-05-20 04:27:36', 'joyax'),
(172, NULL, 25.00, '2026-05-20 04:44:48', 'joyax'),
(173, NULL, 30.00, '2026-05-20 04:55:59', 'joyax'),
(174, NULL, 71.00, '2026-05-20 05:09:44', 'joyax'),
(175, NULL, 40.00, '2026-05-20 06:03:18', 'joyax'),
(176, NULL, 65.00, '2026-05-20 06:03:56', 'joyax'),
(177, NULL, 50.00, '2026-05-20 06:13:53', 'joyax'),
(178, NULL, 100.00, '2026-05-20 06:42:27', 'joyax'),
(179, NULL, 50.00, '2026-05-20 06:46:20', 'joyax'),
(180, NULL, 50.00, '2026-05-20 07:02:02', 'joyax'),
(181, NULL, 50.00, '2026-05-20 07:06:07', 'joyax'),
(182, NULL, 110.00, '2026-05-20 07:07:18', 'joyax'),
(183, NULL, 100.00, '2026-05-20 07:12:08', 'joyax'),
(184, NULL, 25.00, '2026-05-20 07:12:21', 'joyax'),
(185, NULL, 100.00, '2026-05-20 07:20:17', 'joyax'),
(186, NULL, 50.00, '2026-05-20 07:34:00', 'joyax'),
(187, NULL, 10.00, '2026-05-20 07:47:47', 'joyax'),
(188, NULL, 80.00, '2026-05-20 08:01:22', 'joyax'),
(189, NULL, 25.00, '2026-05-20 08:25:27', 'joyax'),
(190, NULL, 50.00, '2026-05-20 08:26:59', 'joyax'),
(191, NULL, 10.00, '2026-05-20 08:37:32', 'joyax'),
(192, NULL, 40.00, '2026-05-20 08:53:08', 'joyax'),
(193, NULL, 40.00, '2026-05-20 08:54:13', 'joyax'),
(194, NULL, 35.00, '2026-05-20 09:00:30', 'joyax'),
(195, NULL, 30.00, '2026-05-20 09:17:44', 'joyax'),
(196, NULL, 110.00, '2026-05-20 09:22:12', 'joyax'),
(197, NULL, 50.00, '2026-05-20 10:04:05', 'joyax'),
(198, NULL, 20.00, '2026-05-20 10:04:15', 'joyax'),
(199, NULL, 30.00, '2026-05-20 10:08:17', 'joyax'),
(200, NULL, 100.00, '2026-05-20 10:08:37', 'joyax'),
(201, NULL, 90.00, '2026-05-20 10:18:34', 'joyax'),
(202, NULL, 40.00, '2026-05-20 10:26:49', 'joyax'),
(203, NULL, 50.00, '2026-05-20 10:41:02', 'joyax'),
(204, NULL, 40.00, '2026-05-20 10:53:54', 'joyax'),
(205, NULL, 15.00, '2026-05-20 12:49:11', 'joyax'),
(206, NULL, 10.00, '2026-05-20 22:20:04', 'joyax'),
(207, NULL, 35.00, '2026-05-20 23:00:31', 'joyax'),
(208, NULL, 30.00, '2026-05-20 23:23:22', 'joyax'),
(209, NULL, 25.00, '2026-05-20 23:40:54', 'joyax'),
(210, NULL, 90.00, '2026-05-20 23:58:47', 'joyax'),
(211, NULL, 60.00, '2026-05-21 00:46:35', 'joyax'),
(212, NULL, 100.00, '2026-05-21 01:11:35', 'joyax'),
(213, NULL, 95.00, '2026-05-21 01:15:53', 'joyax'),
(214, NULL, 40.00, '2026-05-21 01:33:45', 'joyax'),
(215, NULL, 20.00, '2026-05-21 02:02:04', 'joyax'),
(216, NULL, 75.00, '2026-05-21 02:10:35', 'joyax'),
(217, NULL, 50.00, '2026-05-21 02:11:07', 'joyax'),
(218, NULL, 130.00, '2026-05-21 02:16:07', 'joyax'),
(219, NULL, 20.00, '2026-05-21 02:20:58', 'joyax'),
(220, NULL, 85.00, '2026-05-21 02:33:57', 'joyax'),
(221, NULL, 15.00, '2026-05-21 02:35:26', 'joyax'),
(222, NULL, 15.00, '2026-05-21 02:55:10', 'joyax'),
(223, NULL, 120.00, '2026-05-21 03:09:06', 'joyax'),
(224, NULL, 100.00, '2026-05-21 03:09:27', 'joyax'),
(225, NULL, 50.00, '2026-05-21 03:47:38', 'joyax'),
(226, NULL, 10.00, '2026-05-21 03:50:22', 'joyax'),
(227, NULL, 30.00, '2026-05-21 04:03:21', 'joyax'),
(228, NULL, 10.00, '2026-05-21 04:03:30', 'joyax'),
(229, NULL, 50.00, '2026-05-21 05:01:25', 'joyax'),
(230, NULL, 70.00, '2026-05-21 05:58:35', 'joyax'),
(231, NULL, 35.00, '2026-05-21 06:01:18', 'joyax'),
(232, NULL, 30.00, '2026-05-21 06:01:36', 'joyax'),
(233, NULL, 100.00, '2026-05-21 06:26:48', 'joyax'),
(234, NULL, 149.00, '2026-05-21 06:47:59', 'joyax'),
(235, NULL, 15.00, '2026-05-21 06:48:44', 'joyax'),
(236, NULL, 125.00, '2026-05-21 06:54:39', 'joyax'),
(237, NULL, 30.00, '2026-05-21 07:05:05', 'joyax'),
(238, NULL, 170.00, '2026-05-21 07:10:19', 'joyax'),
(239, NULL, 50.00, '2026-05-21 07:14:12', 'joyax'),
(240, NULL, 20.00, '2026-05-21 07:15:13', 'joyax'),
(241, NULL, 70.00, '2026-05-21 07:33:50', 'joyax'),
(242, NULL, 204.00, '2026-05-21 07:50:09', 'joyax'),
(243, NULL, 25.00, '2026-05-21 07:54:45', 'joyax'),
(244, NULL, 100.00, '2026-05-21 07:55:27', 'joyax'),
(245, NULL, 30.00, '2026-05-21 07:56:46', 'joyax'),
(246, NULL, 15.00, '2026-05-21 07:58:22', 'joyax'),
(247, NULL, 120.00, '2026-05-21 08:03:00', 'joyax'),
(248, NULL, 47.00, '2026-05-21 08:06:40', 'joyax'),
(249, NULL, 50.00, '2026-05-21 08:07:56', 'joyax'),
(250, NULL, 107.00, '2026-05-21 08:09:30', 'joyax'),
(251, NULL, 125.00, '2026-05-21 08:15:04', 'joyax'),
(252, NULL, 90.00, '2026-05-21 08:17:58', 'joyax'),
(253, NULL, 25.00, '2026-05-21 08:19:11', 'joyax'),
(254, NULL, 10.00, '2026-05-21 08:22:24', 'joyax'),
(255, NULL, 20.00, '2026-05-21 08:33:11', 'joyax'),
(256, NULL, 100.00, '2026-05-21 08:42:21', 'joyax'),
(257, NULL, 21.00, '2026-05-21 08:52:05', 'joyax'),
(258, NULL, 50.00, '2026-05-21 08:53:50', 'joyax'),
(259, NULL, 30.00, '2026-05-21 09:03:18', 'joyax'),
(260, NULL, 35.00, '2026-05-21 09:08:52', 'joyax'),
(261, NULL, 25.00, '2026-05-21 09:11:07', 'joyax'),
(262, NULL, 20.00, '2026-05-21 09:16:37', 'joyax'),
(263, NULL, 50.00, '2026-05-21 09:20:01', 'joyax'),
(264, NULL, 30.00, '2026-05-21 09:20:09', 'joyax'),
(265, NULL, 20.00, '2026-05-21 09:28:10', 'joyax'),
(266, NULL, 75.00, '2026-05-21 09:40:17', 'joyax'),
(267, NULL, 55.00, '2026-05-21 10:05:58', 'joyax'),
(268, NULL, 100.00, '2026-05-21 10:26:39', 'joyax'),
(269, NULL, 45.00, '2026-05-21 10:36:35', 'joyax'),
(270, NULL, 30.00, '2026-05-21 10:42:07', 'joyax'),
(271, NULL, 50.00, '2026-05-21 10:42:13', 'joyax'),
(272, NULL, 75.00, '2026-05-21 10:55:45', 'joyax'),
(273, NULL, 20.00, '2026-05-21 22:15:05', 'joyax'),
(274, NULL, 50.00, '2026-05-21 22:15:24', 'joyax'),
(275, NULL, 30.00, '2026-05-21 22:25:10', 'joyax'),
(276, NULL, 95.00, '2026-05-21 22:42:59', 'joyax'),
(277, NULL, 30.00, '2026-05-21 23:25:42', 'joyax'),
(278, NULL, 50.00, '2026-05-21 23:41:49', 'joyax'),
(279, NULL, 10.00, '2026-05-22 00:05:19', 'joyax'),
(280, NULL, 10.00, '2026-05-22 00:15:48', 'joyax'),
(281, NULL, 170.00, '2026-05-22 01:05:11', 'joyax'),
(282, NULL, 90.00, '2026-05-22 01:25:15', 'joyax'),
(283, NULL, 20.00, '2026-05-22 01:27:13', 'joyax'),
(284, NULL, 10.00, '2026-05-22 01:43:23', 'joyax'),
(285, NULL, 49.00, '2026-05-22 01:59:23', 'joyax'),
(286, NULL, 40.00, '2026-05-22 02:01:19', 'joyax'),
(287, NULL, 100.00, '2026-05-22 02:06:21', 'joyax'),
(288, NULL, 60.00, '2026-05-22 02:26:33', 'joyax'),
(289, NULL, 22.00, '2026-05-22 02:27:06', 'joyax'),
(290, NULL, 40.00, '2026-05-22 03:17:47', 'joyax'),
(291, NULL, 7.00, '2026-05-22 03:35:14', 'joyax'),
(292, NULL, 145.00, '2026-05-22 04:05:21', 'joyax'),
(293, NULL, 40.00, '2026-05-22 04:08:43', 'joyax'),
(294, NULL, 50.00, '2026-05-22 04:31:42', 'joyax'),
(295, NULL, 65.00, '2026-05-22 04:39:27', 'joyax'),
(296, NULL, 100.00, '2026-05-22 04:41:38', 'joyax'),
(297, NULL, 20.00, '2026-05-22 04:50:31', 'joyax'),
(298, NULL, 29.00, '2026-05-22 05:10:39', 'joyax'),
(299, NULL, 35.00, '2026-05-22 05:32:25', 'joyax'),
(300, NULL, 35.00, '2026-05-22 05:32:34', 'joyax'),
(301, NULL, 20.00, '2026-05-22 05:40:24', 'joyax'),
(302, NULL, 150.00, '2026-05-22 05:40:53', 'joyax'),
(303, NULL, 30.00, '2026-05-22 05:55:30', 'joyax'),
(304, NULL, 43.00, '2026-05-22 06:02:42', 'joyax'),
(305, NULL, 20.00, '2026-05-22 06:09:01', 'joyax'),
(306, NULL, 28.00, '2026-05-22 06:11:23', 'joyax'),
(307, NULL, 100.00, '2026-05-22 06:11:34', 'joyax'),
(308, NULL, 90.00, '2026-05-22 06:15:21', 'joyax'),
(309, NULL, 100.00, '2026-05-22 06:22:19', 'joyax'),
(310, NULL, 90.00, '2026-05-22 06:22:32', 'joyax'),
(311, NULL, 65.00, '2026-05-22 07:09:24', 'joyax'),
(312, NULL, 50.00, '2026-05-22 07:19:54', 'joyax'),
(313, NULL, 70.00, '2026-05-22 07:22:58', 'joyax'),
(314, NULL, 40.00, '2026-05-22 07:26:32', 'joyax'),
(315, NULL, 25.00, '2026-05-22 07:39:49', 'joyax'),
(316, NULL, 35.00, '2026-05-22 07:46:40', 'joyax'),
(317, NULL, 30.00, '2026-05-22 07:51:05', 'joyax'),
(318, NULL, 75.00, '2026-05-22 07:52:37', 'joyax'),
(319, NULL, 70.00, '2026-05-22 08:32:58', 'joyax'),
(320, NULL, 10.00, '2026-05-22 08:40:31', 'joyax'),
(321, NULL, 25.00, '2026-05-22 09:51:01', 'joyax'),
(322, NULL, 60.00, '2026-05-22 09:51:12', 'joyax'),
(323, NULL, 20.00, '2026-05-22 09:51:24', 'joyax'),
(324, NULL, 50.00, '2026-05-22 09:51:42', 'joyax'),
(325, NULL, 80.00, '2026-05-22 09:53:36', 'joyax'),
(326, NULL, 35.00, '2026-05-22 09:59:20', 'joyax'),
(327, NULL, 50.00, '2026-05-22 09:59:50', 'joyax'),
(328, NULL, 60.00, '2026-05-22 10:01:01', 'joyax'),
(329, NULL, 50.00, '2026-05-22 10:06:59', 'joyax'),
(330, NULL, 15.00, '2026-05-22 10:24:54', 'joyax'),
(331, NULL, 70.00, '2026-05-22 10:29:26', 'joyax'),
(332, NULL, 25.00, '2026-05-22 10:31:52', 'joyax'),
(333, NULL, 260.00, '2026-05-22 10:37:57', 'joyax'),
(334, NULL, 95.00, '2026-05-22 22:34:24', 'joyax'),
(335, NULL, 75.00, '2026-05-22 23:35:02', 'joyax'),
(336, NULL, 70.00, '2026-05-22 23:35:33', 'joyax'),
(337, NULL, 70.00, '2026-05-22 23:53:22', 'joyax'),
(338, NULL, 5.00, '2026-05-23 00:03:25', 'joyax'),
(339, NULL, 105.00, '2026-05-23 00:24:49', 'joyax'),
(340, NULL, 30.00, '2026-05-23 00:26:37', 'joyax'),
(341, NULL, 10.00, '2026-05-23 00:35:18', 'joyax'),
(342, NULL, 100.00, '2026-05-23 01:12:22', 'joyax'),
(343, NULL, 30.00, '2026-05-23 01:12:29', 'joyax'),
(344, NULL, 50.00, '2026-05-23 01:24:23', 'joyax'),
(345, NULL, 40.00, '2026-05-23 01:32:35', 'joyax'),
(346, NULL, 10.00, '2026-05-23 01:36:33', 'joyax'),
(347, NULL, 55.00, '2026-05-23 02:03:53', 'joyax'),
(348, NULL, 180.00, '2026-05-23 02:11:31', 'joyax'),
(349, NULL, 70.00, '2026-05-23 02:17:58', 'joyax'),
(350, NULL, 25.00, '2026-05-23 02:19:29', 'joyax'),
(351, NULL, 50.00, '2026-05-23 02:41:01', 'joyax'),
(352, NULL, 10.00, '2026-05-23 02:57:03', 'joyax'),
(353, NULL, 15.00, '2026-05-23 03:04:16', 'joyax'),
(354, NULL, 20.00, '2026-05-23 03:49:52', 'joyax'),
(355, NULL, 40.00, '2026-05-23 03:55:23', 'joyax'),
(356, NULL, 50.00, '2026-05-23 04:30:25', 'joyax'),
(357, NULL, 25.00, '2026-05-23 04:52:01', 'joyax'),
(358, NULL, 50.00, '2026-05-23 04:56:09', 'joyax'),
(359, NULL, 35.00, '2026-05-23 04:56:26', 'joyax'),
(360, NULL, 30.00, '2026-05-23 04:59:46', 'joyax'),
(361, NULL, 20.00, '2026-05-23 04:59:55', 'joyax'),
(362, NULL, 30.00, '2026-05-23 05:40:56', 'joyax'),
(363, NULL, 45.00, '2026-05-23 06:32:29', 'joyax'),
(364, NULL, 90.00, '2026-05-23 06:51:16', 'joyax'),
(365, NULL, 75.00, '2026-05-23 06:53:35', 'joyax'),
(366, NULL, 50.00, '2026-05-23 06:54:39', 'joyax'),
(367, NULL, 75.00, '2026-05-23 06:56:01', 'joyax'),
(368, NULL, 25.00, '2026-05-23 06:56:10', 'joyax'),
(369, NULL, 15.00, '2026-05-23 07:01:41', 'joyax'),
(370, NULL, 50.00, '2026-05-23 07:02:36', 'joyax'),
(371, NULL, 50.00, '2026-05-23 07:17:46', 'joyax'),
(372, NULL, 50.00, '2026-05-23 07:17:54', 'joyax'),
(373, NULL, 30.00, '2026-05-23 07:19:34', 'joyax'),
(374, NULL, 50.00, '2026-05-23 07:36:06', 'joyax'),
(375, NULL, 80.00, '2026-05-23 08:11:51', 'joyax'),
(376, NULL, 55.00, '2026-05-23 08:12:09', 'joyax'),
(377, NULL, 25.00, '2026-05-23 08:26:36', 'joyax'),
(378, NULL, 90.00, '2026-05-23 08:27:22', 'joyax'),
(379, NULL, 46.00, '2026-05-23 08:36:20', 'joyax'),
(380, NULL, 30.00, '2026-05-23 09:04:25', 'joyax'),
(381, NULL, 20.00, '2026-05-23 09:08:07', 'joyax'),
(382, NULL, 100.00, '2026-05-23 09:15:10', 'joyax'),
(383, NULL, 10.00, '2026-05-23 09:16:31', 'joyax'),
(384, NULL, 85.00, '2026-05-23 09:21:46', 'joyax'),
(385, NULL, 65.00, '2026-05-23 09:28:43', 'joyax'),
(386, NULL, 50.00, '2026-05-23 09:31:15', 'joyax'),
(387, NULL, 10.00, '2026-05-23 09:35:09', 'joyax'),
(388, NULL, 200.00, '2026-05-23 09:51:54', 'joyax'),
(389, NULL, 100.00, '2026-05-23 09:52:01', 'joyax'),
(390, NULL, 50.00, '2026-05-23 09:56:39', 'joyax'),
(391, NULL, 60.00, '2026-05-23 10:06:11', 'joyax'),
(392, NULL, 30.00, '2026-05-23 10:06:34', 'joyax'),
(393, NULL, 200.00, '2026-05-23 10:18:02', 'joyax'),
(394, NULL, 50.00, '2026-05-23 10:42:01', 'joyax'),
(395, NULL, 50.00, '2026-05-23 10:48:24', 'joyax'),
(396, NULL, 30.00, '2026-05-23 10:48:45', 'joyax'),
(397, NULL, 70.00, '2026-05-23 10:53:01', 'joyax'),
(398, NULL, 50.00, '2026-05-23 10:53:54', 'joyax'),
(399, NULL, 50.00, '2026-05-23 11:12:11', 'joyax'),
(400, NULL, 15.00, '2026-05-24 03:43:00', 'joyax'),
(401, NULL, 30.00, '2026-05-24 03:55:33', 'joyax'),
(402, NULL, 100.00, '2026-05-24 04:26:45', 'joyax'),
(403, NULL, 120.00, '2026-05-24 05:28:55', 'joyax'),
(404, NULL, 15.00, '2026-05-24 05:29:02', 'joyax'),
(405, NULL, 100.00, '2026-05-24 05:29:40', 'joyax'),
(406, NULL, 50.00, '2026-05-24 05:31:51', 'joyax'),
(407, NULL, 60.00, '2026-05-24 05:32:01', 'joyax'),
(408, NULL, 75.00, '2026-05-24 05:49:52', 'joyax'),
(409, NULL, 70.00, '2026-05-24 06:13:27', 'joyax'),
(410, NULL, 110.00, '2026-05-24 06:14:19', 'joyax'),
(411, NULL, 50.00, '2026-05-24 06:15:23', 'joyax'),
(412, NULL, 100.00, '2026-05-24 06:19:30', 'joyax'),
(413, NULL, 5.00, '2026-05-24 06:19:34', 'joyax'),
(414, NULL, 35.00, '2026-05-24 06:24:25', 'joyax'),
(415, NULL, 50.00, '2026-05-24 06:33:52', 'joyax'),
(416, NULL, 20.00, '2026-05-24 06:39:45', 'joyax'),
(417, NULL, 100.00, '2026-05-24 06:58:04', 'joyax'),
(418, NULL, 50.00, '2026-05-24 06:59:55', 'joyax'),
(419, NULL, 50.00, '2026-05-24 07:00:06', 'joyax'),
(420, NULL, 30.00, '2026-05-24 07:00:48', 'joyax'),
(421, NULL, 50.00, '2026-05-24 07:02:56', 'joyax'),
(422, NULL, 40.00, '2026-05-24 07:04:08', 'joyax'),
(423, NULL, 20.00, '2026-05-24 07:05:40', 'joyax'),
(424, NULL, 55.00, '2026-05-24 07:14:59', 'joyax'),
(425, NULL, 10.00, '2026-05-24 07:19:34', 'joyax'),
(426, NULL, 25.00, '2026-05-24 07:38:04', 'joyax'),
(427, NULL, 40.00, '2026-05-24 08:06:53', 'joyax'),
(428, NULL, 30.00, '2026-05-24 08:22:49', 'joyax'),
(429, NULL, 50.00, '2026-05-24 08:25:29', 'joyax'),
(430, NULL, 100.00, '2026-05-24 08:27:39', 'joyax'),
(431, NULL, 125.00, '2026-05-24 08:35:25', 'joyax'),
(432, NULL, 60.00, '2026-05-24 08:35:32', 'joyax'),
(433, NULL, 25.00, '2026-05-24 08:36:13', 'joyax'),
(434, NULL, 90.00, '2026-05-24 09:26:13', 'joyax'),
(435, NULL, 100.00, '2026-05-24 09:30:34', 'joyax'),
(436, NULL, 25.00, '2026-05-24 09:33:43', 'joyax'),
(437, NULL, 30.00, '2026-05-24 09:46:41', 'joyax'),
(438, NULL, 40.00, '2026-05-24 10:15:43', 'joyax'),
(439, NULL, 100.00, '2026-05-24 10:51:22', 'joyax'),
(440, NULL, 10.00, '2026-05-24 10:52:25', 'joyax'),
(441, NULL, 15.00, '2026-05-24 22:50:05', 'joyax'),
(442, NULL, 55.00, '2026-05-24 22:56:35', 'joyax'),
(443, NULL, 70.00, '2026-05-24 23:15:02', 'joyax'),
(444, NULL, 100.00, '2026-05-24 23:19:50', 'joyax'),
(445, NULL, 10.00, '2026-05-24 23:37:23', 'joyax'),
(446, NULL, 30.00, '2026-05-24 23:58:46', 'joyax'),
(447, NULL, 195.00, '2026-05-25 00:12:34', 'joyax'),
(448, NULL, 150.00, '2026-05-25 00:25:38', 'joyax'),
(449, NULL, 100.00, '2026-05-25 00:45:32', 'joyax'),
(450, NULL, 100.00, '2026-05-25 00:49:55', 'joyax'),
(451, NULL, 60.00, '2026-05-25 01:19:15', 'joyax'),
(452, NULL, 60.00, '2026-05-25 01:39:36', 'joyax'),
(453, NULL, 40.00, '2026-05-25 01:41:08', 'joyax'),
(454, NULL, 120.00, '2026-05-25 01:50:45', 'joyax'),
(455, NULL, 300.00, '2026-05-25 01:55:08', 'joyax'),
(456, NULL, 10.00, '2026-05-25 01:57:53', 'joyax'),
(457, NULL, 110.00, '2026-05-25 02:10:20', 'joyax'),
(458, NULL, 320.00, '2026-05-25 02:22:04', 'joyax'),
(459, NULL, 200.00, '2026-05-25 02:23:37', 'joyax'),
(460, NULL, 40.00, '2026-05-25 02:26:00', 'joyax'),
(461, NULL, 60.00, '2026-05-25 02:44:54', 'joyax'),
(462, NULL, 62.00, '2026-05-25 03:37:03', 'joyax'),
(463, NULL, 25.00, '2026-05-25 03:37:13', 'joyax'),
(464, NULL, 15.00, '2026-05-25 03:37:20', 'joyax'),
(465, NULL, 10.00, '2026-05-25 05:08:51', 'joyax'),
(466, NULL, 65.00, '2026-05-25 05:26:32', 'joyax'),
(467, NULL, 55.00, '2026-05-25 05:47:36', 'joyax'),
(468, NULL, 25.00, '2026-05-25 05:53:26', 'joyax'),
(469, NULL, 53.00, '2026-05-25 06:14:19', 'joyax'),
(470, NULL, 161.00, '2026-05-25 06:51:05', 'joyax'),
(471, NULL, 50.00, '2026-05-25 06:51:15', 'joyax'),
(472, NULL, 25.00, '2026-05-25 06:52:41', 'joyax'),
(473, NULL, 75.00, '2026-05-25 06:56:42', 'joyax'),
(474, NULL, 51.00, '2026-05-25 06:58:38', 'joyax'),
(475, NULL, 5.00, '2026-05-25 06:58:44', 'joyax'),
(476, NULL, 100.00, '2026-05-25 07:07:05', 'joyax'),
(477, NULL, 40.00, '2026-05-25 07:14:08', 'joyax'),
(478, NULL, 41.00, '2026-05-25 07:41:29', 'joyax'),
(479, NULL, 35.00, '2026-05-25 07:48:02', 'joyax'),
(480, NULL, 7.00, '2026-05-25 07:54:31', 'joyax'),
(481, NULL, 50.00, '2026-05-25 07:57:40', 'joyax'),
(482, NULL, 45.00, '2026-05-25 08:17:35', 'joyax'),
(483, NULL, 30.00, '2026-05-25 08:35:56', 'joyax'),
(484, NULL, 17.00, '2026-05-25 08:45:47', 'joyax'),
(485, NULL, 50.00, '2026-05-25 08:51:08', 'joyax'),
(486, NULL, 50.00, '2026-05-25 09:03:59', 'joyax'),
(487, NULL, 105.00, '2026-05-25 09:06:26', 'joyax'),
(488, NULL, 68.00, '2026-05-25 09:26:05', 'joyax'),
(489, NULL, 70.00, '2026-05-25 09:27:45', 'joyax'),
(490, NULL, 76.00, '2026-05-25 09:31:02', 'joyax'),
(491, NULL, 30.00, '2026-05-25 09:31:51', 'joyax'),
(492, NULL, 45.00, '2026-05-25 09:42:40', 'joyax'),
(493, NULL, 20.00, '2026-05-25 09:45:31', 'joyax'),
(494, NULL, 50.00, '2026-05-25 09:50:44', 'joyax'),
(495, NULL, 50.00, '2026-05-25 09:52:03', 'joyax'),
(496, NULL, 10.00, '2026-05-25 09:54:36', 'joyax'),
(497, NULL, 150.00, '2026-05-25 09:58:54', 'joyax'),
(498, NULL, 25.00, '2026-05-25 10:10:00', 'joyax'),
(499, NULL, 50.00, '2026-05-25 10:21:22', 'joyax'),
(500, NULL, 75.00, '2026-05-25 10:23:46', 'joyax'),
(501, NULL, 40.00, '2026-05-25 10:27:14', 'joyax'),
(502, NULL, 15.00, '2026-05-25 10:47:56', 'joyax'),
(503, NULL, 30.00, '2026-05-25 23:16:50', 'joyax'),
(504, NULL, 70.00, '2026-05-25 23:38:24', 'joyax'),
(505, NULL, 300.00, '2026-05-26 00:26:43', 'joyax'),
(506, NULL, 50.00, '2026-05-26 00:32:03', 'joyax'),
(507, NULL, 30.00, '2026-05-26 00:40:25', 'joyax'),
(508, NULL, 80.00, '2026-05-26 00:40:56', 'joyax'),
(509, NULL, 50.00, '2026-05-26 00:42:22', 'joyax'),
(510, NULL, 60.00, '2026-05-26 00:59:43', 'joyax'),
(511, NULL, 50.00, '2026-05-26 01:26:21', 'joyax'),
(512, NULL, 20.00, '2026-05-26 01:35:34', 'joyax'),
(513, NULL, 50.00, '2026-05-26 01:38:25', 'joyax'),
(514, NULL, 50.00, '2026-05-26 01:43:31', 'joyax'),
(515, NULL, 99.00, '2026-05-26 01:45:47', 'joyax'),
(516, NULL, 5.00, '2026-05-26 01:46:26', 'joyax'),
(517, NULL, 40.00, '2026-05-26 01:50:53', 'joyax'),
(518, NULL, 10.00, '2026-05-26 01:52:18', 'joyax'),
(519, NULL, 25.00, '2026-05-26 02:11:35', 'joyax'),
(520, NULL, 200.00, '2026-05-26 02:23:53', 'joyax'),
(521, NULL, 20.00, '2026-05-26 02:24:06', 'joyax'),
(522, NULL, 100.00, '2026-05-26 02:37:28', 'joyax'),
(523, NULL, 50.00, '2026-05-26 03:04:34', 'joyax'),
(524, NULL, 45.00, '2026-05-26 03:06:50', 'joyax'),
(525, NULL, 20.00, '2026-05-26 03:07:43', 'joyax'),
(526, NULL, 15.00, '2026-05-26 03:08:10', 'joyax'),
(527, NULL, 20.00, '2026-05-26 03:17:33', 'joyax'),
(528, NULL, 20.00, '2026-05-26 03:26:47', 'joyax'),
(529, NULL, 20.00, '2026-05-26 03:51:29', 'joyax'),
(530, NULL, 85.00, '2026-05-26 04:28:54', 'joyax'),
(531, NULL, 5.00, '2026-05-26 05:37:02', 'joyax'),
(532, NULL, 20.00, '2026-05-26 05:46:10', 'joyax'),
(533, NULL, 30.00, '2026-05-26 06:06:40', 'joyax'),
(534, NULL, 20.00, '2026-05-26 06:11:46', 'joyax'),
(535, NULL, 25.00, '2026-05-26 06:23:30', 'joyax'),
(536, NULL, 35.00, '2026-05-26 06:24:51', 'joyax'),
(537, NULL, 50.00, '2026-05-26 06:29:09', 'joyax'),
(538, NULL, 100.00, '2026-05-26 06:33:45', 'joyax'),
(539, NULL, 110.00, '2026-05-26 06:37:59', 'joyax'),
(540, NULL, 10.00, '2026-05-26 06:38:06', 'joyax'),
(541, NULL, 130.00, '2026-05-26 06:47:22', 'joyax'),
(542, NULL, 30.00, '2026-05-26 06:59:29', 'joyax'),
(543, NULL, 15.00, '2026-05-26 06:59:56', 'joyax'),
(544, NULL, 50.00, '2026-05-26 07:00:50', 'joyax'),
(545, NULL, 40.00, '2026-05-26 07:03:37', 'joyax'),
(546, NULL, 60.00, '2026-05-26 07:05:52', 'joyax'),
(547, NULL, 50.00, '2026-05-26 07:07:16', 'joyax'),
(548, NULL, 30.00, '2026-05-26 07:09:31', 'joyax'),
(549, NULL, 50.00, '2026-05-26 07:10:38', 'joyax'),
(550, NULL, 30.00, '2026-05-26 07:13:41', 'joyax'),
(551, NULL, 50.00, '2026-05-26 07:17:53', 'joyax'),
(552, NULL, 100.00, '2026-05-26 07:19:26', 'joyax'),
(553, NULL, 90.00, '2026-05-26 07:33:16', 'joyax'),
(554, NULL, 50.00, '2026-05-26 07:33:44', 'joyax'),
(555, NULL, 25.00, '2026-05-26 07:48:04', 'joyax'),
(556, NULL, 30.00, '2026-05-26 07:52:05', 'joyax'),
(557, NULL, 50.00, '2026-05-26 07:54:10', 'joyax'),
(558, NULL, 100.00, '2026-05-26 08:33:24', 'joyax'),
(559, NULL, 60.00, '2026-05-26 08:34:56', 'joyax'),
(560, NULL, 50.00, '2026-05-26 08:39:28', 'joyax'),
(561, NULL, 70.00, '2026-05-26 08:50:06', 'joyax'),
(562, NULL, 25.00, '2026-05-26 08:51:30', 'joyax'),
(563, NULL, 15.00, '2026-05-26 08:53:21', 'joyax'),
(564, NULL, 50.00, '2026-05-26 08:53:39', 'joyax'),
(565, NULL, 20.00, '2026-05-26 08:57:30', 'joyax'),
(566, NULL, 30.00, '2026-05-26 09:06:38', 'joyax'),
(567, NULL, 25.00, '2026-05-26 09:07:41', 'joyax'),
(568, NULL, 60.00, '2026-05-26 09:09:23', 'joyax'),
(569, NULL, 20.00, '2026-05-26 09:24:39', 'joyax'),
(570, NULL, 100.00, '2026-05-26 09:26:33', 'joyax'),
(571, NULL, 20.00, '2026-05-26 09:35:53', 'joyax'),
(572, NULL, 30.00, '2026-05-26 10:10:03', 'joyax'),
(573, NULL, 40.00, '2026-05-26 10:30:14', 'joyax'),
(574, NULL, 50.00, '2026-05-26 10:30:48', 'joyax'),
(575, NULL, 40.00, '2026-05-26 10:33:25', 'joyax'),
(576, NULL, 50.00, '2026-05-26 21:55:43', 'joyax'),
(577, NULL, 10.00, '2026-05-26 21:59:06', 'joyax'),
(578, NULL, 50.00, '2026-05-26 22:00:42', 'joyax'),
(579, NULL, 20.00, '2026-05-26 22:10:43', 'joyax'),
(580, NULL, 60.00, '2026-05-26 22:24:41', 'joyax'),
(581, NULL, 40.00, '2026-05-26 22:28:41', 'joyax'),
(582, NULL, 15.00, '2026-05-26 22:35:49', 'joyax'),
(583, NULL, 100.00, '2026-05-26 22:44:00', 'joyax'),
(584, NULL, 30.00, '2026-05-26 22:46:18', 'joyax'),
(585, NULL, 20.00, '2026-05-26 23:12:58', 'joyax'),
(586, NULL, 15.00, '2026-05-27 00:19:33', 'joyax'),
(587, NULL, 100.00, '2026-05-27 00:26:31', 'joyax'),
(588, NULL, 20.00, '2026-05-27 00:32:33', 'joyax'),
(589, NULL, 70.00, '2026-05-27 00:36:13', 'joyax'),
(590, NULL, 100.00, '2026-05-27 00:36:31', 'joyax'),
(591, NULL, 20.00, '2026-05-27 00:36:40', 'joyax'),
(592, NULL, 25.00, '2026-05-27 00:38:34', 'joyax'),
(593, NULL, 20.00, '2026-05-27 00:40:39', 'joyax'),
(594, NULL, 60.00, '2026-05-27 01:09:43', 'joyax'),
(595, NULL, 100.00, '2026-05-27 01:10:01', 'joyax'),
(596, NULL, 50.00, '2026-05-27 01:10:16', 'joyax'),
(597, NULL, 60.00, '2026-05-27 01:36:15', 'joyax'),
(598, NULL, 30.00, '2026-05-27 01:38:22', 'joyax'),
(599, NULL, 30.00, '2026-05-27 01:39:02', 'joyax'),
(600, NULL, 50.00, '2026-05-27 01:41:26', 'joyax'),
(601, NULL, 100.00, '2026-05-27 01:53:10', 'joyax'),
(602, NULL, 70.00, '2026-05-27 01:56:36', 'joyax'),
(603, NULL, 65.00, '2026-05-27 02:55:32', 'joyax'),
(604, NULL, 30.00, '2026-05-27 02:58:47', 'joyax'),
(605, NULL, 30.00, '2026-05-27 03:15:58', 'joyax'),
(606, NULL, 50.00, '2026-05-27 03:17:56', 'joyax'),
(607, NULL, 50.00, '2026-05-27 03:30:31', 'joyax'),
(608, NULL, 30.00, '2026-05-27 03:33:12', 'joyax'),
(609, NULL, 10.00, '2026-05-27 03:50:41', 'joyax'),
(610, NULL, 40.00, '2026-05-27 04:08:37', 'joyax'),
(611, NULL, 20.00, '2026-05-27 04:28:00', 'joyax'),
(612, NULL, 55.00, '2026-05-27 05:41:02', 'joyax'),
(613, NULL, 40.00, '2026-05-27 06:07:07', 'joyax'),
(614, NULL, 20.00, '2026-05-27 06:09:27', 'joyax'),
(615, NULL, 20.00, '2026-05-27 06:12:10', 'joyax'),
(616, NULL, 40.00, '2026-05-27 06:17:47', 'joyax'),
(617, NULL, 135.00, '2026-05-27 06:35:59', 'joyax'),
(618, NULL, 50.00, '2026-05-27 06:42:14', 'joyax'),
(619, NULL, 70.00, '2026-05-27 06:45:23', 'joyax'),
(620, NULL, 65.00, '2026-05-27 07:00:39', 'joyax'),
(621, NULL, 100.00, '2026-05-27 07:03:23', 'joyax'),
(622, NULL, 170.00, '2026-05-27 07:07:42', 'joyax'),
(623, NULL, 85.00, '2026-05-27 07:08:03', 'joyax'),
(624, NULL, 15.00, '2026-05-27 07:10:14', 'joyax'),
(625, NULL, 40.00, '2026-05-27 07:18:32', 'joyax'),
(626, NULL, 25.00, '2026-05-27 07:20:18', 'joyax'),
(627, NULL, 30.00, '2026-05-27 07:21:40', 'joyax'),
(628, NULL, 50.00, '2026-05-27 07:25:31', 'joyax'),
(629, NULL, 15.00, '2026-05-27 08:22:13', 'joyax'),
(630, NULL, 30.00, '2026-05-27 08:31:12', 'joyax'),
(631, NULL, 5.00, '2026-05-27 08:31:55', 'joyax'),
(632, NULL, 10.00, '2026-05-27 08:48:26', 'joyax'),
(633, NULL, 40.00, '2026-05-27 09:05:37', 'joyax'),
(634, NULL, 10.00, '2026-05-27 09:10:20', 'joyax'),
(635, NULL, 35.00, '2026-05-27 09:31:59', 'joyax'),
(636, NULL, 40.00, '2026-05-27 09:34:42', 'joyax'),
(637, NULL, 20.00, '2026-05-27 09:35:57', 'joyax'),
(638, NULL, 15.00, '2026-05-27 09:37:26', 'joyax'),
(639, NULL, 20.00, '2026-05-27 09:59:01', 'joyax'),
(640, NULL, 70.00, '2026-05-27 10:23:22', 'joyax'),
(641, NULL, 15.00, '2026-05-27 10:25:20', 'joyax'),
(642, NULL, 50.00, '2026-05-27 10:30:27', 'joyax'),
(643, NULL, 20.00, '2026-05-27 10:30:41', 'joyax'),
(644, NULL, 15.00, '2026-05-27 10:30:49', 'joyax'),
(645, NULL, 30.00, '2026-05-27 10:33:22', 'joyax'),
(646, NULL, 30.00, '2026-05-27 10:46:00', 'joyax'),
(647, NULL, 50.00, '2026-05-27 10:47:25', 'joyax'),
(648, NULL, 50.00, '2026-05-27 22:01:02', 'joyax'),
(649, NULL, 100.00, '2026-05-27 22:32:44', 'joyax'),
(650, NULL, 50.00, '2026-05-27 22:42:31', 'joyax'),
(651, NULL, 5.00, '2026-05-27 22:47:49', 'joyax'),
(652, NULL, 45.00, '2026-05-27 22:59:43', 'joyax'),
(653, NULL, 25.00, '2026-05-27 23:04:24', 'joyax'),
(654, NULL, 20.00, '2026-05-27 23:08:19', 'joyax'),
(655, NULL, 20.00, '2026-05-27 23:36:46', 'joyax'),
(656, NULL, 50.00, '2026-05-27 23:43:18', 'joyax'),
(657, NULL, 20.00, '2026-05-27 23:49:43', 'joyax'),
(658, NULL, 70.00, '2026-05-27 23:55:44', 'joyax'),
(659, NULL, 50.00, '2026-05-28 00:04:59', 'joyax'),
(660, NULL, 85.00, '2026-05-28 00:08:27', 'joyax'),
(661, NULL, 30.00, '2026-05-28 00:09:59', 'joyax'),
(662, NULL, 40.00, '2026-05-28 00:14:33', 'joyax'),
(663, NULL, 15.00, '2026-05-28 00:16:25', 'joyax'),
(664, NULL, 50.00, '2026-05-28 00:35:01', 'joyax'),
(665, NULL, 185.00, '2026-05-28 00:57:55', 'joyax'),
(666, NULL, 30.00, '2026-05-28 01:10:11', 'joyax'),
(667, NULL, 80.00, '2026-05-28 01:26:38', 'joyax'),
(668, NULL, 75.00, '2026-05-28 01:36:54', 'joyax'),
(669, NULL, 20.00, '2026-05-28 01:46:28', 'joyax'),
(670, NULL, 40.00, '2026-05-28 01:54:46', 'joyax'),
(671, NULL, 100.00, '2026-05-28 01:58:00', 'joyax'),
(672, NULL, 25.00, '2026-05-28 02:01:28', 'joyax'),
(673, NULL, 60.00, '2026-05-28 02:16:35', 'joyax'),
(674, NULL, 70.00, '2026-05-28 02:20:51', 'joyax'),
(675, NULL, 115.00, '2026-05-28 03:10:07', 'joyax'),
(676, NULL, 30.00, '2026-05-28 03:28:33', 'joyax'),
(677, NULL, 45.00, '2026-05-28 03:29:40', 'joyax');

-- --------------------------------------------------------

--
-- Table structure for table `transaction_items`
--

CREATE TABLE `transaction_items` (
  `id` int(11) NOT NULL,
  `transaction_id` int(11) DEFAULT NULL,
  `product_id` int(11) DEFAULT NULL,
  `quantity` int(11) DEFAULT NULL,
  `price` decimal(10,2) DEFAULT NULL
) ENGINE=InnoDB DEFAULT CHARSET=utf8mb4 COLLATE=utf8mb4_general_ci;

--
-- Dumping data for table `transaction_items`
--

INSERT INTO `transaction_items` (`id`, `transaction_id`, `product_id`, `quantity`, `price`) VALUES
(19, 9, 1, 1, 50.00),
(20, 9, 2, 1, 30.00),
(21, 9, 3, 1, 20.00),
(22, 10, 9, 4, 5.00),
(23, 10, 14, 10, 5.00),
(24, 11, 1, 4, 5.00),
(25, 11, 2, 4, 5.00),
(26, 12, 11, 6, 5.00),
(27, 12, 19, 5, 20.00),
(28, 13, 18, 3, 5.00),
(29, 14, 6, 1, 5.00),
(30, 15, 3, 10, 5.00),
(31, 15, 4, 10, 5.00),
(32, 16, 3, 4, 5.00),
(33, 16, 10, 1, 10.00),
(34, 17, 4, 10, 5.00),
(35, 17, 15, 1, 45.00),
(36, 17, 19, 2, 20.00),
(37, 17, 33, 1, 50.00),
(38, 18, 10, 13, 10.00),
(39, 19, 2, 3, 5.00),
(40, 19, 3, 2, 5.00),
(41, 20, 3, 4, 5.00),
(42, 20, 17, 4, 5.00),
(43, 20, 25, 1, 5.00),
(44, 20, 28, 1, 25.00),
(45, 20, 31, 4, 85.00),
(46, 21, 1, 4, 5.00),
(47, 21, 3, 6, 5.00),
(48, 21, 23, 2, 5.00),
(49, 22, 3, 10, 5.00),
(50, 22, 4, 4, 5.00),
(51, 23, 1, 4, 5.00),
(52, 23, 2, 8, 5.00),
(53, 23, 3, 8, 5.00),
(54, 24, 1, 4, 5.00),
(55, 24, 12, 2, 5.00),
(56, 25, 2, 6, 5.00),
(57, 25, 3, 6, 5.00),
(58, 26, 1, 5, 5.00),
(59, 26, 25, 5, 5.00),
(60, 27, 2, 4, 5.00),
(61, 27, 3, 4, 5.00),
(62, 27, 9, 4, 5.00),
(63, 27, 23, 2, 5.00),
(64, 28, 2, 2, 5.00),
(65, 28, 8, 4, 5.00),
(66, 29, 2, 4, 5.00),
(67, 29, 3, 12, 5.00),
(68, 29, 4, 4, 5.00),
(69, 29, 14, 2, 5.00),
(70, 29, 25, 2, 5.00),
(71, 29, 27, 1, 15.00),
(72, 30, 15, 1, 45.00),
(73, 31, 9, 10, 5.00),
(74, 32, 14, 10, 5.00),
(75, 33, 11, 4, 5.00),
(76, 34, 1, 8, 5.00),
(77, 34, 3, 4, 5.00),
(78, 35, 13, 10, 5.00),
(79, 36, 14, 10, 5.00),
(80, 37, 4, 4, 5.00),
(81, 37, 12, 6, 5.00),
(82, 37, 13, 2, 5.00),
(83, 38, 1, 8, 5.00),
(84, 38, 13, 4, 5.00),
(85, 39, 1, 7, 5.00),
(86, 39, 9, 7, 5.00),
(87, 40, 8, 4, 5.00),
(88, 40, 12, 4, 5.00),
(89, 40, 25, 2, 5.00),
(90, 41, 12, 5, 5.00),
(91, 41, 14, 5, 5.00),
(92, 42, 2, 6, 5.00),
(93, 43, 20, 4, 5.00),
(94, 43, 41, 1, 20.00),
(95, 44, 8, 10, 5.00),
(96, 45, 12, 20, 5.00),
(97, 46, 4, 6, 5.00),
(98, 46, 8, 10, 5.00),
(99, 46, 9, 6, 5.00),
(100, 46, 12, 10, 5.00),
(101, 47, 1, 10, 5.00),
(102, 47, 8, 10, 5.00),
(103, 48, 7, 4, 5.00),
(104, 49, 9, 5, 5.00),
(105, 50, 44, 5, 5.00),
(106, 51, 4, 10, 5.00),
(107, 51, 9, 4, 5.00),
(108, 51, 25, 6, 5.00),
(109, 52, 12, 1, 5.00),
(110, 52, 13, 1, 5.00),
(111, 53, 12, 10, 5.00),
(112, 54, 45, 12, 5.00),
(113, 55, 40, 10, 5.00),
(114, 55, 45, 10, 5.00),
(115, 56, 40, 2, 5.00),
(116, 56, 44, 2, 5.00),
(117, 57, 8, 4, 5.00),
(118, 57, 40, 1, 5.00),
(119, 57, 44, 2, 5.00),
(120, 58, 2, 3, 5.00),
(121, 58, 42, 3, 5.00),
(122, 59, 25, 10, 5.00),
(123, 59, 31, 1, 85.00),
(124, 59, 43, 3, 7.00),
(125, 60, 1, 4, 5.00),
(126, 60, 40, 1, 5.00),
(127, 60, 45, 4, 5.00),
(128, 61, 30, 1, 25.00),
(129, 62, 7, 1, 5.00),
(130, 62, 45, 6, 5.00),
(131, 63, 8, 4, 5.00),
(132, 63, 44, 2, 5.00),
(133, 63, 45, 2, 5.00),
(134, 64, 42, 3, 5.00),
(135, 64, 43, 3, 7.00),
(136, 65, 15, 1, 45.00),
(137, 66, 4, 10, 5.00),
(138, 66, 8, 10, 5.00),
(139, 67, 13, 8, 5.00),
(140, 67, 23, 3, 10.00),
(141, 67, 44, 15, 5.00),
(142, 67, 45, 15, 5.00),
(143, 68, 4, 4, 5.00),
(144, 68, 12, 6, 5.00),
(145, 69, 4, 4, 5.00),
(146, 70, 8, 4, 5.00),
(147, 70, 20, 1, 5.00),
(148, 70, 44, 2, 5.00),
(149, 70, 45, 10, 5.00),
(150, 71, 8, 10, 5.00),
(151, 71, 43, 3, 7.00),
(152, 71, 44, 3, 5.00),
(153, 72, 8, 6, 5.00),
(154, 72, 11, 10, 5.00),
(155, 72, 42, 4, 5.00),
(156, 72, 45, 4, 5.00),
(157, 73, 8, 10, 5.00),
(158, 73, 40, 10, 5.00),
(159, 74, 13, 2, 5.00),
(160, 74, 27, 1, 15.00),
(161, 75, 11, 5, 5.00),
(162, 75, 12, 5, 5.00),
(163, 75, 15, 1, 45.00),
(164, 75, 42, 6, 5.00),
(165, 75, 43, 6, 7.00),
(166, 75, 45, 4, 5.00),
(167, 76, 1, 4, 5.00),
(168, 76, 40, 8, 5.00),
(169, 76, 42, 6, 5.00),
(170, 77, 3, 10, 5.00),
(171, 77, 25, 2, 5.00),
(172, 77, 42, 1, 5.00),
(173, 77, 43, 1, 7.00),
(174, 78, 3, 10, 5.00),
(175, 79, 40, 8, 5.00),
(176, 79, 42, 2, 5.00),
(177, 80, 8, 4, 5.00),
(178, 80, 28, 1, 25.00),
(179, 81, 6, 5, 5.00),
(180, 81, 8, 5, 5.00),
(181, 82, 43, 4, 7.00),
(182, 82, 45, 4, 5.00),
(183, 83, 2, 24, 5.00),
(184, 83, 3, 16, 5.00),
(185, 84, 27, 1, 15.00),
(186, 85, 1, 4, 5.00),
(187, 85, 40, 4, 5.00),
(188, 86, 1, 8, 5.00),
(189, 86, 3, 4, 5.00),
(190, 87, 6, 10, 5.00),
(191, 87, 12, 10, 5.00),
(192, 88, 23, 1, 10.00),
(193, 88, 41, 1, 20.00),
(194, 88, 44, 10, 5.00),
(195, 89, 40, 4, 5.00),
(196, 89, 44, 1, 5.00),
(197, 90, 40, 5, 5.00),
(198, 90, 44, 5, 5.00),
(199, 91, 1, 4, 5.00),
(200, 91, 11, 4, 5.00),
(201, 92, 12, 4, 5.00),
(202, 92, 27, 1, 15.00),
(203, 92, 44, 4, 5.00),
(204, 93, 44, 2, 5.00),
(205, 93, 45, 2, 5.00),
(206, 94, 3, 6, 5.00),
(207, 94, 12, 6, 5.00),
(208, 94, 14, 6, 5.00),
(209, 94, 44, 4, 5.00),
(210, 95, 1, 5, 5.00),
(211, 95, 7, 1, 5.00),
(212, 95, 8, 7, 5.00),
(213, 95, 9, 3, 5.00),
(214, 95, 11, 4, 5.00),
(215, 95, 25, 2, 5.00),
(216, 95, 29, 1, 25.00),
(217, 95, 40, 4, 5.00),
(218, 95, 44, 4, 5.00),
(219, 95, 45, 2, 5.00),
(220, 96, 1, 10, 5.00),
(221, 96, 11, 2, 5.00),
(222, 96, 13, 2, 5.00),
(223, 97, 1, 10, 5.00),
(224, 98, 2, 2, 5.00),
(225, 98, 3, 12, 5.00),
(226, 98, 6, 2, 5.00),
(227, 98, 7, 2, 5.00),
(228, 98, 9, 4, 5.00),
(229, 98, 14, 2, 5.00),
(230, 98, 40, 2, 5.00),
(231, 99, 1, 7, 5.00),
(232, 99, 2, 5, 5.00),
(233, 99, 3, 16, 5.00),
(234, 99, 9, 16, 5.00),
(235, 99, 12, 2, 5.00),
(236, 100, 1, 2, 5.00),
(237, 101, 1, 6, 5.00),
(238, 102, 11, 6, 5.00),
(239, 103, 3, 6, 5.00),
(240, 103, 45, 8, 5.00),
(241, 104, 25, 4, 5.00),
(242, 105, 1, 10, 5.00),
(243, 105, 12, 10, 5.00),
(244, 106, 14, 10, 5.00),
(245, 107, 6, 6, 5.00),
(246, 107, 12, 8, 5.00),
(247, 108, 3, 5, 5.00),
(248, 108, 4, 8, 5.00),
(249, 108, 44, 2, 5.00),
(250, 109, 11, 10, 5.00),
(251, 109, 12, 10, 5.00),
(252, 110, 1, 15, 5.00),
(253, 110, 6, 2, 5.00),
(254, 111, 2, 9, 5.00),
(255, 111, 7, 1, 5.00),
(256, 112, 1, 5, 5.00),
(257, 112, 7, 1, 5.00),
(258, 112, 8, 2, 5.00),
(259, 112, 40, 1, 5.00),
(260, 112, 44, 2, 5.00),
(261, 113, 1, 5, 5.00),
(262, 114, 6, 10, 5.00),
(263, 114, 14, 5, 5.00),
(264, 115, 13, 1, 5.00),
(265, 116, 1, 4, 5.00),
(266, 116, 7, 5, 5.00),
(267, 116, 31, 1, 85.00),
(268, 116, 40, 4, 5.00),
(269, 117, 23, 1, 10.00),
(270, 118, 6, 5, 5.00),
(271, 118, 40, 10, 5.00),
(272, 118, 45, 5, 5.00),
(273, 119, 6, 2, 5.00),
(274, 120, 3, 5, 5.00),
(275, 120, 8, 8, 5.00),
(276, 121, 1, 4, 5.00),
(277, 121, 6, 6, 5.00),
(278, 121, 11, 14, 5.00),
(279, 122, 3, 10, 5.00),
(280, 123, 3, 10, 5.00),
(281, 123, 27, 3, 15.00),
(282, 124, 46, 1, 45.00),
(283, 125, 40, 1, 5.00),
(284, 126, 1, 5, 5.00),
(285, 126, 12, 2, 5.00),
(286, 127, 40, 6, 5.00),
(287, 128, 15, 1, 45.00),
(288, 129, 1, 5, 5.00),
(289, 129, 11, 4, 5.00),
(290, 129, 24, 2, 5.00),
(291, 130, 3, 10, 5.00),
(292, 130, 11, 10, 5.00),
(293, 131, 8, 10, 5.00),
(294, 131, 9, 10, 5.00),
(295, 131, 13, 10, 5.00),
(296, 132, 6, 1, 5.00),
(297, 133, 6, 1, 5.00),
(298, 134, 1, 3, 5.00),
(299, 134, 7, 2, 5.00),
(300, 134, 25, 3, 5.00),
(301, 134, 40, 4, 5.00),
(302, 135, 2, 3, 5.00),
(303, 136, 13, 10, 5.00),
(304, 137, 13, 6, 5.00),
(305, 138, 1, 2, 5.00),
(306, 138, 12, 4, 5.00),
(307, 139, 20, 2, 5.00),
(308, 139, 40, 2, 5.00),
(309, 140, 15, 1, 45.00),
(310, 141, 1, 6, 5.00),
(311, 142, 6, 6, 5.00),
(312, 142, 11, 4, 5.00),
(313, 142, 25, 6, 5.00),
(314, 142, 45, 4, 5.00),
(315, 143, 40, 4, 5.00),
(316, 143, 45, 4, 5.00),
(317, 144, 10, 2, 10.00),
(318, 145, 3, 10, 5.00),
(319, 145, 25, 4, 5.00),
(320, 146, 2, 20, 5.00),
(321, 146, 40, 10, 5.00),
(322, 146, 45, 10, 5.00),
(323, 147, 10, 1, 10.00),
(324, 148, 8, 4, 5.00),
(325, 148, 11, 4, 5.00),
(326, 148, 43, 2, 7.00),
(327, 149, 25, 6, 5.00),
(328, 150, 15, 1, 45.00),
(329, 151, 1, 7, 5.00),
(330, 151, 9, 7, 5.00),
(331, 152, 1, 2, 5.00),
(332, 152, 8, 2, 5.00),
(333, 152, 24, 2, 5.00),
(334, 153, 2, 6, 5.00),
(335, 153, 3, 4, 5.00),
(336, 153, 40, 4, 5.00),
(337, 154, 13, 6, 5.00),
(338, 155, 8, 10, 5.00),
(339, 155, 11, 10, 5.00),
(340, 156, 11, 4, 5.00),
(341, 157, 4, 4, 5.00),
(342, 157, 8, 4, 5.00),
(343, 157, 12, 4, 5.00),
(344, 158, 3, 2, 5.00),
(345, 158, 11, 3, 5.00),
(346, 159, 10, 2, 10.00),
(347, 159, 27, 1, 15.00),
(348, 160, 2, 50, 5.00),
(349, 160, 24, 50, 5.00),
(350, 161, 11, 6, 5.00),
(351, 161, 27, 1, 15.00),
(352, 162, 8, 20, 5.00),
(353, 163, 11, 10, 5.00),
(354, 163, 12, 11, 5.00),
(355, 163, 45, 9, 5.00),
(356, 164, 2, 6, 5.00),
(357, 164, 25, 2, 5.00),
(358, 165, 6, 10, 5.00),
(359, 166, 30, 1, 25.00),
(360, 166, 33, 1, 50.00),
(361, 166, 46, 1, 50.00),
(362, 167, 14, 5, 5.00),
(363, 167, 45, 5, 5.00),
(364, 168, 8, 8, 5.00),
(365, 168, 11, 12, 5.00),
(366, 168, 25, 10, 5.00),
(367, 168, 42, 10, 5.00),
(368, 169, 8, 6, 5.00),
(369, 169, 27, 1, 15.00),
(370, 170, 3, 6, 5.00),
(371, 170, 41, 1, 20.00),
(372, 171, 8, 6, 5.00),
(373, 171, 40, 4, 5.00),
(374, 172, 3, 1, 5.00),
(375, 172, 41, 1, 20.00),
(376, 173, 11, 2, 5.00),
(377, 173, 40, 4, 5.00),
(378, 174, 2, 4, 5.00),
(379, 174, 24, 4, 5.00),
(380, 174, 40, 2, 5.00),
(381, 174, 43, 3, 7.00),
(382, 175, 11, 2, 5.00),
(383, 175, 24, 2, 5.00),
(384, 175, 25, 2, 5.00),
(385, 175, 45, 2, 5.00),
(386, 176, 28, 1, 25.00),
(387, 176, 40, 8, 5.00),
(388, 177, 4, 6, 5.00),
(389, 177, 40, 4, 5.00),
(390, 178, 4, 10, 5.00),
(391, 178, 11, 10, 5.00),
(392, 179, 3, 4, 5.00),
(393, 179, 40, 2, 5.00),
(394, 179, 45, 4, 5.00),
(395, 180, 11, 2, 5.00),
(396, 180, 40, 5, 5.00),
(397, 180, 45, 3, 5.00),
(398, 181, 11, 10, 5.00),
(399, 182, 4, 6, 5.00),
(400, 182, 8, 6, 5.00),
(401, 182, 11, 10, 5.00),
(402, 183, 6, 10, 5.00),
(403, 183, 11, 10, 5.00),
(404, 184, 11, 5, 5.00),
(405, 185, 8, 10, 5.00),
(406, 185, 11, 10, 5.00),
(407, 186, 8, 10, 5.00),
(408, 187, 25, 2, 5.00),
(409, 188, 14, 4, 5.00),
(410, 188, 40, 2, 5.00),
(411, 188, 42, 10, 5.00),
(412, 189, 30, 1, 25.00),
(413, 190, 2, 3, 5.00),
(414, 190, 6, 3, 5.00),
(415, 190, 11, 4, 5.00),
(416, 191, 10, 1, 10.00),
(417, 192, 23, 3, 10.00),
(418, 192, 40, 1, 5.00),
(419, 192, 42, 1, 5.00),
(420, 193, 3, 6, 5.00),
(421, 193, 24, 2, 5.00),
(422, 194, 11, 2, 5.00),
(423, 194, 29, 1, 25.00),
(424, 195, 11, 6, 5.00),
(425, 196, 1, 3, 5.00),
(426, 196, 8, 8, 5.00),
(427, 196, 13, 3, 5.00),
(428, 196, 23, 1, 10.00),
(429, 196, 40, 6, 5.00),
(430, 197, 4, 5, 5.00),
(431, 197, 14, 5, 5.00),
(432, 198, 11, 2, 5.00),
(433, 198, 25, 2, 5.00),
(434, 199, 11, 6, 5.00),
(435, 200, 2, 5, 5.00),
(436, 200, 10, 5, 10.00),
(437, 200, 11, 5, 5.00),
(438, 201, 15, 2, 45.00),
(439, 202, 4, 4, 5.00),
(440, 202, 24, 4, 5.00),
(441, 203, 25, 6, 5.00),
(442, 203, 42, 4, 5.00),
(443, 204, 14, 4, 5.00),
(444, 204, 42, 4, 5.00),
(445, 205, 27, 1, 15.00),
(446, 206, 10, 1, 10.00),
(447, 207, 3, 7, 5.00),
(448, 208, 2, 3, 5.00),
(449, 208, 8, 3, 5.00),
(450, 209, 17, 2, 5.00),
(451, 209, 25, 3, 5.00),
(452, 210, 1, 7, 5.00),
(453, 210, 9, 7, 5.00),
(454, 210, 13, 4, 5.00),
(455, 211, 9, 6, 5.00),
(456, 211, 17, 6, 5.00),
(457, 212, 3, 10, 5.00),
(458, 212, 42, 10, 5.00),
(459, 213, 1, 7, 5.00),
(460, 213, 42, 6, 5.00),
(461, 213, 45, 6, 5.00),
(462, 214, 19, 2, 20.00),
(463, 215, 17, 4, 5.00),
(464, 216, 17, 5, 5.00),
(465, 216, 30, 2, 25.00),
(466, 217, 46, 1, 50.00),
(467, 218, 19, 3, 20.00),
(468, 218, 23, 2, 10.00),
(469, 218, 25, 10, 5.00),
(470, 219, 9, 4, 5.00),
(471, 220, 3, 5, 5.00),
(472, 220, 8, 5, 5.00),
(473, 220, 14, 5, 5.00),
(474, 220, 20, 2, 5.00),
(475, 221, 27, 1, 15.00),
(476, 222, 27, 1, 15.00),
(477, 223, 13, 4, 5.00),
(478, 223, 14, 4, 5.00),
(479, 223, 17, 6, 5.00),
(480, 223, 20, 2, 5.00),
(481, 223, 41, 2, 20.00),
(482, 224, 21, 10, 7.00),
(483, 224, 23, 3, 10.00),
(484, 225, 14, 6, 5.00),
(485, 225, 19, 1, 20.00),
(486, 226, 25, 2, 5.00),
(487, 227, 11, 3, 5.00),
(488, 227, 25, 3, 5.00),
(489, 228, 25, 2, 5.00),
(490, 229, 2, 4, 5.00),
(491, 229, 14, 6, 5.00),
(492, 230, 17, 2, 5.00),
(493, 230, 19, 1, 20.00),
(494, 230, 27, 1, 15.00),
(495, 230, 28, 1, 25.00),
(496, 231, 2, 6, 5.00),
(497, 231, 12, 1, 5.00),
(498, 232, 11, 1, 5.00),
(499, 232, 12, 5, 5.00),
(500, 233, 11, 5, 5.00),
(501, 233, 17, 5, 5.00),
(502, 233, 28, 2, 25.00),
(503, 234, 17, 20, 5.00),
(504, 234, 21, 7, 7.00),
(505, 235, 27, 1, 15.00),
(506, 236, 1, 6, 5.00),
(507, 236, 2, 5, 5.00),
(508, 236, 4, 2, 5.00),
(509, 236, 13, 2, 5.00),
(510, 236, 40, 10, 5.00),
(511, 237, 13, 6, 5.00),
(512, 238, 2, 5, 5.00),
(513, 238, 11, 5, 5.00),
(514, 238, 15, 1, 45.00),
(515, 238, 17, 6, 5.00),
(516, 238, 19, 1, 20.00),
(517, 238, 25, 5, 5.00),
(518, 239, 1, 10, 5.00),
(519, 240, 1, 2, 5.00),
(520, 240, 2, 2, 5.00),
(521, 241, 3, 4, 5.00),
(522, 241, 4, 6, 5.00),
(523, 241, 8, 4, 5.00),
(524, 242, 12, 6, 5.00),
(525, 242, 19, 2, 20.00),
(526, 242, 21, 7, 7.00),
(527, 242, 27, 1, 15.00),
(528, 242, 28, 1, 25.00),
(529, 242, 40, 1, 5.00),
(530, 242, 41, 2, 20.00),
(531, 243, 11, 4, 5.00),
(532, 243, 25, 1, 5.00),
(533, 244, 12, 10, 5.00),
(534, 244, 13, 10, 5.00),
(535, 245, 1, 2, 5.00),
(536, 245, 8, 4, 5.00),
(537, 246, 27, 1, 15.00),
(538, 247, 2, 5, 5.00),
(539, 247, 3, 5, 5.00),
(540, 247, 14, 5, 5.00),
(541, 247, 25, 5, 5.00),
(542, 247, 42, 4, 5.00),
(543, 248, 3, 4, 5.00),
(544, 248, 11, 4, 5.00),
(545, 248, 43, 1, 7.00),
(546, 249, 2, 8, 5.00),
(547, 249, 10, 1, 10.00),
(548, 250, 1, 8, 5.00),
(549, 250, 8, 6, 5.00),
(550, 250, 21, 1, 7.00),
(551, 250, 40, 6, 5.00),
(552, 251, 11, 4, 5.00),
(553, 251, 19, 4, 20.00),
(554, 251, 29, 1, 25.00),
(555, 252, 1, 10, 5.00),
(556, 252, 3, 8, 5.00),
(557, 253, 30, 1, 25.00),
(558, 254, 3, 2, 5.00),
(559, 255, 1, 2, 5.00),
(560, 255, 17, 2, 5.00),
(561, 256, 11, 10, 5.00),
(562, 256, 40, 10, 5.00),
(563, 257, 21, 3, 7.00),
(564, 258, 8, 4, 5.00),
(565, 258, 40, 6, 5.00),
(566, 259, 11, 4, 5.00),
(567, 259, 40, 2, 5.00),
(568, 260, 1, 5, 5.00),
(569, 260, 2, 1, 5.00),
(570, 260, 25, 1, 5.00),
(571, 261, 1, 2, 5.00),
(572, 261, 3, 3, 5.00),
(573, 262, 11, 2, 5.00),
(574, 262, 40, 2, 5.00),
(575, 263, 3, 5, 5.00),
(576, 263, 11, 5, 5.00),
(577, 264, 11, 6, 5.00),
(578, 265, 40, 4, 5.00),
(579, 266, 1, 7, 5.00),
(580, 266, 23, 1, 10.00),
(581, 266, 40, 6, 5.00),
(582, 267, 1, 5, 5.00),
(583, 267, 17, 6, 5.00),
(584, 268, 19, 5, 20.00),
(585, 269, 1, 5, 5.00),
(586, 269, 8, 4, 5.00),
(587, 270, 12, 3, 5.00),
(588, 270, 25, 3, 5.00),
(589, 271, 12, 10, 5.00),
(590, 272, 4, 10, 5.00),
(591, 272, 40, 5, 5.00),
(592, 273, 4, 2, 5.00),
(593, 273, 40, 2, 5.00),
(594, 274, 12, 5, 5.00),
(595, 274, 40, 5, 5.00),
(596, 275, 12, 6, 5.00),
(597, 276, 1, 15, 5.00),
(598, 276, 2, 4, 5.00),
(599, 277, 2, 4, 5.00),
(600, 277, 42, 2, 5.00),
(601, 278, 12, 10, 5.00),
(602, 279, 11, 2, 5.00),
(603, 280, 11, 2, 5.00),
(604, 281, 11, 12, 5.00),
(605, 281, 17, 8, 5.00),
(606, 281, 19, 1, 20.00),
(607, 281, 42, 10, 5.00),
(608, 282, 11, 10, 5.00),
(609, 282, 19, 2, 20.00),
(610, 283, 40, 4, 5.00),
(611, 284, 3, 2, 5.00),
(612, 285, 21, 7, 7.00),
(613, 286, 2, 4, 5.00),
(614, 286, 40, 4, 5.00),
(615, 287, 2, 8, 5.00),
(616, 287, 3, 4, 5.00),
(617, 287, 12, 8, 5.00),
(618, 288, 2, 6, 5.00),
(619, 288, 42, 6, 5.00),
(620, 289, 21, 1, 7.00),
(621, 289, 27, 1, 15.00),
(622, 290, 23, 1, 10.00),
(623, 290, 42, 6, 5.00),
(624, 291, 21, 1, 7.00),
(625, 292, 20, 4, 5.00),
(626, 292, 31, 1, 85.00),
(627, 292, 40, 8, 5.00),
(628, 293, 3, 4, 5.00),
(629, 293, 12, 4, 5.00),
(630, 294, 3, 4, 5.00),
(631, 294, 4, 4, 5.00),
(632, 294, 23, 1, 10.00),
(633, 295, 21, 5, 7.00),
(634, 295, 27, 2, 15.00),
(635, 296, 2, 20, 5.00),
(636, 297, 2, 4, 5.00),
(637, 298, 21, 2, 7.00),
(638, 298, 27, 1, 15.00),
(639, 299, 1, 7, 5.00),
(640, 300, 1, 5, 5.00),
(641, 300, 23, 1, 10.00),
(642, 301, 8, 1, 5.00),
(643, 301, 27, 1, 15.00),
(644, 302, 3, 10, 5.00),
(645, 302, 12, 10, 5.00),
(646, 302, 25, 10, 5.00),
(647, 303, 11, 2, 5.00),
(648, 303, 12, 3, 5.00),
(649, 303, 25, 1, 5.00),
(650, 304, 2, 3, 5.00),
(651, 304, 43, 4, 7.00),
(652, 305, 3, 4, 5.00),
(653, 306, 21, 4, 7.00),
(654, 307, 3, 20, 5.00),
(655, 308, 15, 2, 45.00),
(656, 309, 3, 4, 5.00),
(657, 309, 11, 4, 5.00),
(658, 309, 19, 2, 20.00),
(659, 309, 25, 4, 5.00),
(660, 310, 15, 2, 45.00),
(661, 311, 1, 7, 5.00),
(662, 311, 3, 6, 5.00),
(663, 312, 8, 10, 5.00),
(664, 313, 4, 5, 5.00),
(665, 313, 5, 4, 5.00),
(666, 313, 8, 5, 5.00),
(667, 314, 2, 8, 5.00),
(668, 315, 3, 5, 5.00),
(669, 316, 10, 1, 10.00),
(670, 316, 13, 2, 5.00),
(671, 316, 20, 1, 5.00),
(672, 316, 42, 2, 5.00),
(673, 317, 3, 2, 5.00),
(674, 317, 25, 4, 5.00),
(675, 318, 1, 5, 5.00),
(676, 318, 5, 4, 5.00),
(677, 318, 27, 2, 15.00),
(678, 319, 1, 3, 5.00),
(679, 319, 11, 3, 5.00),
(680, 319, 19, 2, 20.00),
(681, 320, 1, 2, 5.00),
(682, 321, 1, 5, 5.00),
(683, 322, 1, 12, 5.00),
(684, 323, 5, 4, 5.00),
(685, 324, 8, 10, 5.00),
(686, 325, 1, 10, 5.00),
(687, 325, 8, 2, 5.00),
(688, 325, 19, 1, 20.00),
(689, 326, 1, 7, 5.00),
(690, 327, 1, 5, 5.00),
(691, 327, 5, 4, 5.00),
(692, 327, 42, 1, 5.00),
(693, 328, 2, 4, 5.00),
(694, 328, 4, 2, 5.00),
(695, 328, 5, 2, 5.00),
(696, 328, 13, 2, 5.00),
(697, 328, 42, 2, 5.00),
(698, 329, 13, 5, 5.00),
(699, 329, 42, 5, 5.00),
(700, 330, 2, 1, 5.00),
(701, 330, 14, 2, 5.00),
(702, 331, 12, 14, 5.00),
(703, 332, 2, 5, 5.00),
(704, 333, 1, 22, 5.00),
(705, 333, 12, 10, 5.00),
(706, 333, 14, 10, 5.00),
(707, 333, 23, 5, 10.00),
(708, 334, 5, 4, 5.00),
(709, 334, 12, 6, 5.00),
(710, 334, 15, 1, 45.00),
(711, 335, 2, 6, 5.00),
(712, 335, 27, 3, 15.00),
(713, 336, 14, 5, 5.00),
(714, 336, 15, 1, 45.00),
(715, 337, 1, 7, 5.00),
(716, 337, 9, 7, 5.00),
(717, 338, 2, 1, 5.00),
(718, 339, 1, 6, 5.00),
(719, 339, 2, 5, 5.00),
(720, 339, 12, 5, 5.00),
(721, 339, 25, 5, 5.00),
(722, 340, 17, 4, 5.00),
(723, 340, 42, 2, 5.00),
(724, 341, 23, 1, 10.00),
(725, 342, 12, 10, 5.00),
(726, 342, 42, 10, 5.00),
(727, 343, 17, 6, 5.00),
(728, 344, 2, 4, 5.00),
(729, 344, 17, 6, 5.00),
(730, 345, 11, 8, 5.00),
(731, 346, 23, 1, 10.00),
(732, 347, 15, 1, 45.00),
(733, 347, 25, 2, 5.00),
(734, 348, 3, 5, 5.00),
(735, 348, 12, 16, 5.00),
(736, 348, 13, 5, 5.00),
(737, 348, 17, 10, 5.00),
(738, 349, 2, 2, 5.00),
(739, 349, 3, 6, 5.00),
(740, 349, 8, 6, 5.00),
(741, 350, 30, 1, 25.00),
(742, 351, 17, 5, 5.00),
(743, 351, 42, 5, 5.00),
(744, 352, 25, 2, 5.00),
(745, 353, 11, 1, 5.00),
(746, 353, 12, 1, 5.00),
(747, 353, 14, 1, 5.00),
(748, 354, 17, 4, 5.00),
(749, 355, 17, 8, 5.00),
(750, 356, 4, 5, 5.00),
(751, 356, 11, 5, 5.00),
(752, 357, 5, 2, 5.00),
(753, 357, 27, 1, 15.00),
(754, 358, 8, 6, 5.00),
(755, 358, 42, 4, 5.00),
(756, 359, 5, 3, 5.00),
(757, 359, 8, 4, 5.00),
(758, 360, 11, 6, 5.00),
(759, 361, 3, 2, 5.00),
(760, 361, 11, 2, 5.00),
(761, 362, 1, 2, 5.00),
(762, 362, 8, 2, 5.00),
(763, 362, 24, 2, 5.00),
(764, 363, 5, 9, 5.00),
(765, 364, 9, 6, 5.00),
(766, 364, 14, 6, 5.00),
(767, 364, 17, 1, 5.00),
(768, 364, 30, 1, 25.00),
(769, 365, 1, 5, 5.00),
(770, 365, 33, 1, 50.00),
(771, 366, 12, 4, 5.00),
(772, 366, 42, 6, 5.00),
(773, 367, 30, 3, 25.00),
(774, 368, 30, 1, 25.00),
(775, 369, 27, 1, 15.00),
(776, 370, 11, 10, 5.00),
(777, 371, 8, 5, 5.00),
(778, 371, 11, 5, 5.00),
(779, 372, 8, 10, 5.00),
(780, 373, 11, 2, 5.00),
(781, 373, 41, 1, 20.00),
(782, 374, 2, 2, 5.00),
(783, 374, 12, 2, 5.00),
(784, 374, 17, 3, 5.00),
(785, 374, 42, 3, 5.00),
(786, 375, 17, 12, 5.00),
(787, 375, 23, 2, 10.00),
(788, 376, 17, 11, 5.00),
(789, 377, 14, 3, 5.00),
(790, 377, 25, 2, 5.00),
(791, 378, 5, 4, 5.00),
(792, 378, 9, 4, 5.00),
(793, 378, 11, 10, 5.00),
(794, 379, 3, 1, 5.00),
(795, 379, 9, 2, 5.00),
(796, 379, 14, 2, 5.00),
(797, 379, 21, 3, 7.00),
(798, 380, 4, 4, 5.00),
(799, 380, 8, 2, 5.00),
(800, 381, 2, 2, 5.00),
(801, 381, 3, 2, 5.00),
(802, 382, 8, 6, 5.00),
(803, 382, 14, 6, 5.00),
(804, 382, 42, 8, 5.00),
(805, 383, 12, 2, 5.00),
(806, 384, 11, 7, 5.00),
(807, 384, 14, 10, 5.00),
(808, 385, 10, 1, 10.00),
(809, 385, 12, 6, 5.00),
(810, 385, 28, 1, 25.00),
(811, 386, 4, 5, 5.00),
(812, 386, 8, 5, 5.00),
(813, 387, 2, 1, 5.00),
(814, 387, 24, 1, 5.00),
(815, 388, 8, 12, 5.00),
(816, 388, 15, 2, 45.00),
(817, 388, 46, 1, 50.00),
(818, 389, 46, 2, 50.00),
(819, 390, 4, 10, 5.00),
(820, 391, 8, 4, 5.00),
(821, 391, 11, 4, 5.00),
(822, 391, 24, 4, 5.00),
(823, 392, 8, 6, 5.00),
(824, 393, 8, 5, 5.00),
(825, 393, 9, 10, 5.00),
(826, 393, 10, 5, 10.00),
(827, 393, 24, 10, 5.00),
(828, 393, 42, 5, 5.00),
(829, 394, 11, 4, 5.00),
(830, 394, 25, 6, 5.00),
(831, 395, 8, 5, 5.00),
(832, 395, 11, 5, 5.00),
(833, 396, 4, 6, 5.00),
(834, 397, 3, 14, 5.00),
(835, 398, 1, 4, 5.00),
(836, 398, 9, 5, 5.00),
(837, 398, 42, 1, 5.00),
(838, 399, 30, 2, 25.00),
(839, 400, 27, 1, 15.00),
(840, 401, 3, 3, 5.00),
(841, 401, 27, 1, 15.00),
(842, 402, 24, 20, 5.00),
(843, 403, 1, 24, 5.00),
(844, 404, 2, 3, 5.00),
(845, 405, 3, 10, 5.00),
(846, 405, 24, 10, 5.00),
(847, 406, 24, 5, 5.00),
(848, 406, 25, 5, 5.00),
(849, 407, 19, 3, 20.00),
(850, 408, 1, 5, 5.00),
(851, 408, 2, 5, 5.00),
(852, 408, 3, 5, 5.00),
(853, 409, 2, 4, 5.00),
(854, 409, 3, 6, 5.00),
(855, 409, 11, 1, 5.00),
(856, 409, 12, 3, 5.00),
(857, 410, 1, 12, 5.00),
(858, 410, 2, 10, 5.00),
(859, 411, 2, 5, 5.00),
(860, 411, 3, 5, 5.00),
(861, 412, 2, 10, 5.00),
(862, 412, 24, 10, 5.00),
(863, 413, 25, 1, 5.00),
(864, 414, 1, 5, 5.00),
(865, 414, 8, 2, 5.00),
(866, 415, 1, 10, 5.00),
(867, 416, 19, 1, 20.00),
(868, 417, 8, 10, 5.00),
(869, 417, 9, 10, 5.00),
(870, 418, 3, 5, 5.00),
(871, 418, 4, 5, 5.00),
(872, 419, 3, 6, 5.00),
(873, 419, 4, 4, 5.00),
(874, 420, 23, 3, 10.00),
(875, 421, 23, 5, 10.00),
(876, 422, 19, 2, 20.00),
(877, 423, 14, 4, 5.00),
(878, 424, 8, 10, 5.00),
(879, 424, 42, 1, 5.00),
(880, 425, 8, 2, 5.00),
(881, 426, 12, 5, 5.00),
(882, 427, 3, 3, 5.00),
(883, 427, 8, 3, 5.00),
(884, 427, 11, 2, 5.00),
(885, 428, 4, 3, 5.00),
(886, 428, 9, 3, 5.00),
(887, 429, 8, 6, 5.00),
(888, 429, 11, 4, 5.00),
(889, 430, 2, 10, 5.00),
(890, 430, 3, 10, 5.00),
(891, 431, 1, 25, 5.00),
(892, 432, 1, 12, 5.00),
(893, 433, 25, 5, 5.00),
(894, 434, 8, 10, 5.00),
(895, 434, 19, 2, 20.00),
(896, 435, 2, 5, 5.00),
(897, 435, 11, 5, 5.00),
(898, 435, 33, 1, 50.00),
(899, 436, 1, 5, 5.00),
(900, 437, 11, 2, 5.00),
(901, 437, 12, 4, 5.00),
(902, 438, 19, 1, 20.00),
(903, 438, 25, 1, 5.00),
(904, 438, 27, 1, 15.00),
(905, 439, 11, 20, 5.00),
(906, 440, 4, 2, 5.00),
(907, 441, 6, 2, 5.00),
(908, 441, 9, 1, 5.00),
(909, 442, 1, 7, 5.00),
(910, 442, 2, 4, 5.00),
(911, 443, 1, 7, 5.00),
(912, 443, 9, 7, 5.00),
(913, 444, 24, 12, 5.00),
(914, 444, 42, 8, 5.00),
(915, 445, 3, 2, 5.00),
(916, 446, 23, 2, 10.00),
(917, 446, 25, 2, 5.00),
(918, 447, 3, 10, 5.00),
(919, 447, 19, 3, 20.00),
(920, 447, 31, 1, 85.00),
(921, 448, 4, 4, 5.00),
(922, 448, 12, 4, 5.00),
(923, 448, 19, 3, 20.00),
(924, 448, 25, 10, 5.00),
(925, 449, 6, 10, 5.00),
(926, 449, 11, 10, 5.00),
(927, 450, 4, 10, 5.00),
(928, 450, 8, 10, 5.00),
(929, 451, 2, 3, 5.00),
(930, 451, 3, 3, 5.00),
(931, 451, 11, 6, 5.00),
(932, 452, 6, 12, 5.00),
(933, 453, 6, 2, 5.00),
(934, 453, 11, 2, 5.00),
(935, 453, 19, 1, 20.00),
(936, 454, 6, 10, 5.00),
(937, 454, 11, 4, 5.00),
(938, 454, 25, 10, 5.00),
(939, 455, 4, 13, 5.00),
(940, 455, 8, 13, 5.00),
(941, 455, 31, 2, 85.00),
(942, 456, 1, 2, 5.00),
(943, 457, 1, 12, 5.00),
(944, 457, 12, 10, 5.00),
(945, 458, 6, 10, 5.00),
(946, 458, 11, 10, 5.00),
(947, 458, 12, 10, 5.00),
(948, 458, 31, 2, 85.00),
(949, 459, 4, 10, 5.00),
(950, 459, 8, 10, 5.00),
(951, 459, 11, 10, 5.00),
(952, 459, 12, 10, 5.00),
(953, 460, 3, 3, 5.00),
(954, 460, 11, 5, 5.00),
(955, 461, 1, 12, 5.00),
(956, 462, 8, 4, 5.00),
(957, 462, 21, 6, 7.00),
(958, 463, 1, 2, 5.00),
(959, 463, 27, 1, 15.00),
(960, 464, 27, 1, 15.00),
(961, 465, 23, 1, 10.00),
(962, 466, 1, 10, 5.00),
(963, 466, 27, 1, 15.00),
(964, 467, 15, 1, 45.00),
(965, 467, 23, 1, 10.00),
(966, 468, 11, 5, 5.00),
(967, 469, 21, 4, 7.00),
(968, 469, 29, 1, 25.00),
(969, 470, 21, 23, 7.00),
(970, 471, 21, 5, 7.00),
(971, 471, 27, 1, 15.00),
(972, 472, 1, 5, 5.00),
(973, 473, 8, 6, 5.00),
(974, 473, 21, 5, 7.00),
(975, 473, 23, 1, 10.00),
(976, 474, 6, 6, 5.00),
(977, 474, 21, 3, 7.00),
(978, 475, 6, 1, 5.00),
(979, 476, 8, 8, 5.00),
(980, 476, 12, 12, 5.00),
(981, 477, 4, 8, 5.00),
(982, 478, 8, 4, 5.00),
(983, 478, 21, 3, 7.00),
(984, 479, 21, 5, 7.00),
(985, 480, 21, 1, 7.00),
(986, 481, 4, 10, 5.00),
(987, 482, 15, 1, 45.00),
(988, 483, 3, 6, 5.00),
(989, 484, 3, 2, 5.00),
(990, 484, 21, 1, 7.00),
(991, 485, 46, 1, 50.00),
(992, 486, 2, 5, 5.00),
(993, 486, 25, 5, 5.00),
(994, 487, 2, 5, 5.00),
(995, 487, 3, 5, 5.00),
(996, 487, 9, 5, 5.00),
(997, 487, 27, 2, 15.00),
(998, 488, 3, 4, 5.00),
(999, 488, 8, 4, 5.00),
(1000, 488, 21, 4, 7.00),
(1001, 489, 3, 7, 5.00),
(1002, 489, 8, 7, 5.00),
(1003, 490, 15, 1, 45.00),
(1004, 490, 20, 2, 5.00),
(1005, 490, 21, 3, 7.00),
(1006, 491, 2, 6, 5.00),
(1007, 492, 15, 1, 45.00),
(1008, 493, 8, 4, 5.00),
(1009, 494, 3, 5, 5.00),
(1010, 494, 8, 5, 5.00),
(1011, 495, 2, 3, 5.00),
(1012, 495, 3, 3, 5.00),
(1013, 495, 8, 4, 5.00),
(1014, 496, 25, 2, 5.00),
(1015, 497, 2, 30, 5.00),
(1016, 498, 3, 5, 5.00),
(1017, 499, 8, 10, 5.00),
(1018, 500, 3, 6, 5.00),
(1019, 500, 4, 2, 5.00),
(1020, 500, 25, 4, 5.00),
(1021, 500, 42, 3, 5.00),
(1022, 501, 3, 4, 5.00),
(1023, 501, 8, 4, 5.00),
(1024, 502, 27, 1, 15.00),
(1025, 503, 3, 6, 5.00),
(1026, 504, 3, 7, 5.00),
(1027, 504, 9, 7, 5.00),
(1028, 505, 11, 60, 5.00),
(1029, 506, 14, 3, 5.00),
(1030, 506, 19, 1, 20.00),
(1031, 506, 27, 1, 15.00),
(1032, 507, 8, 2, 5.00),
(1033, 507, 19, 1, 20.00),
(1034, 508, 2, 8, 5.00),
(1035, 508, 9, 8, 5.00),
(1036, 509, 46, 1, 50.00),
(1037, 510, 2, 6, 5.00),
(1038, 510, 14, 6, 5.00),
(1039, 511, 8, 10, 5.00),
(1040, 512, 3, 4, 5.00),
(1041, 513, 14, 10, 5.00),
(1042, 514, 9, 5, 5.00),
(1043, 514, 14, 5, 5.00),
(1044, 515, 3, 5, 5.00),
(1045, 515, 14, 5, 5.00),
(1046, 515, 21, 7, 7.00),
(1047, 516, 4, 1, 5.00),
(1048, 517, 3, 2, 5.00),
(1049, 517, 11, 2, 5.00),
(1050, 517, 19, 1, 20.00),
(1051, 518, 25, 2, 5.00),
(1052, 519, 8, 5, 5.00),
(1053, 520, 8, 10, 5.00),
(1054, 520, 9, 8, 5.00),
(1055, 520, 11, 10, 5.00),
(1056, 520, 19, 3, 20.00),
(1057, 521, 4, 2, 5.00),
(1058, 521, 23, 1, 10.00),
(1059, 522, 8, 20, 5.00),
(1060, 523, 14, 10, 5.00),
(1061, 524, 3, 1, 5.00),
(1062, 524, 11, 4, 5.00),
(1063, 524, 19, 1, 20.00),
(1064, 525, 1, 3, 5.00),
(1065, 525, 3, 1, 5.00),
(1066, 526, 27, 1, 15.00),
(1067, 527, 11, 4, 5.00),
(1068, 528, 25, 4, 5.00),
(1069, 529, 11, 2, 5.00),
(1070, 529, 20, 2, 5.00),
(1071, 530, 31, 1, 85.00),
(1072, 531, 3, 1, 5.00),
(1073, 532, 1, 4, 5.00),
(1074, 533, 1, 4, 5.00),
(1075, 533, 8, 2, 5.00),
(1076, 534, 14, 2, 5.00),
(1077, 534, 23, 1, 10.00),
(1078, 535, 3, 5, 5.00),
(1079, 536, 13, 4, 5.00),
(1080, 536, 27, 1, 15.00),
(1081, 537, 3, 10, 5.00),
(1082, 538, 3, 5, 5.00),
(1083, 538, 8, 5, 5.00),
(1084, 538, 12, 5, 5.00),
(1085, 538, 13, 5, 5.00),
(1086, 539, 3, 5, 5.00),
(1087, 539, 12, 5, 5.00),
(1088, 539, 13, 7, 5.00),
(1089, 539, 14, 5, 5.00),
(1090, 540, 13, 2, 5.00),
(1091, 541, 9, 6, 5.00),
(1092, 541, 46, 2, 50.00),
(1093, 542, 13, 6, 5.00),
(1094, 543, 2, 2, 5.00),
(1095, 543, 25, 1, 5.00),
(1096, 544, 1, 4, 5.00),
(1097, 544, 11, 2, 5.00),
(1098, 544, 12, 4, 5.00),
(1099, 545, 41, 2, 20.00),
(1100, 546, 8, 6, 5.00),
(1101, 546, 27, 2, 15.00),
(1102, 547, 2, 8, 5.00),
(1103, 547, 13, 2, 5.00),
(1104, 548, 11, 4, 5.00),
(1105, 548, 13, 2, 5.00),
(1106, 549, 3, 5, 5.00),
(1107, 549, 11, 5, 5.00),
(1108, 550, 13, 6, 5.00),
(1109, 551, 2, 4, 5.00),
(1110, 551, 3, 6, 5.00),
(1111, 552, 3, 20, 5.00),
(1112, 553, 9, 2, 5.00),
(1113, 553, 13, 6, 5.00),
(1114, 553, 30, 2, 25.00),
(1115, 554, 3, 10, 5.00),
(1116, 555, 9, 5, 5.00),
(1117, 556, 8, 6, 5.00),
(1118, 557, 46, 1, 50.00),
(1119, 558, 1, 4, 5.00),
(1120, 558, 3, 2, 5.00),
(1121, 558, 7, 4, 5.00),
(1122, 558, 46, 1, 50.00),
(1123, 559, 1, 4, 5.00),
(1124, 559, 7, 4, 5.00),
(1125, 559, 14, 4, 5.00),
(1126, 560, 4, 8, 5.00),
(1127, 560, 24, 2, 5.00),
(1128, 561, 8, 8, 5.00),
(1129, 561, 24, 6, 5.00),
(1130, 562, 4, 4, 5.00),
(1131, 562, 11, 1, 5.00),
(1132, 563, 3, 1, 5.00),
(1133, 563, 8, 2, 5.00),
(1134, 564, 4, 10, 5.00),
(1135, 565, 8, 4, 5.00),
(1136, 566, 3, 4, 5.00),
(1137, 566, 24, 2, 5.00),
(1138, 567, 3, 5, 5.00),
(1139, 568, 1, 12, 5.00),
(1140, 569, 3, 2, 5.00),
(1141, 569, 11, 2, 5.00),
(1142, 570, 2, 6, 5.00),
(1143, 570, 3, 6, 5.00),
(1144, 570, 8, 8, 5.00),
(1145, 571, 1, 2, 5.00),
(1146, 571, 7, 2, 5.00),
(1147, 572, 8, 6, 5.00),
(1148, 573, 8, 8, 5.00),
(1149, 574, 3, 4, 5.00),
(1150, 574, 11, 6, 5.00),
(1151, 575, 1, 4, 5.00),
(1152, 575, 24, 4, 5.00),
(1153, 576, 4, 10, 5.00),
(1154, 577, 2, 2, 5.00),
(1155, 578, 1, 6, 5.00),
(1156, 578, 3, 4, 5.00),
(1157, 579, 1, 4, 5.00),
(1158, 580, 1, 8, 5.00),
(1159, 580, 19, 1, 20.00),
(1160, 581, 3, 8, 5.00),
(1161, 582, 1, 3, 5.00),
(1162, 583, 2, 5, 5.00),
(1163, 583, 3, 5, 5.00),
(1164, 583, 24, 10, 5.00),
(1165, 584, 3, 3, 5.00),
(1166, 584, 12, 3, 5.00),
(1167, 585, 3, 4, 5.00),
(1168, 586, 11, 3, 5.00),
(1169, 587, 4, 10, 5.00),
(1170, 587, 9, 10, 5.00),
(1171, 588, 2, 2, 5.00),
(1172, 588, 3, 2, 5.00),
(1173, 589, 3, 7, 5.00),
(1174, 589, 9, 7, 5.00),
(1175, 590, 11, 10, 5.00),
(1176, 590, 12, 10, 5.00),
(1177, 591, 8, 4, 5.00),
(1178, 592, 2, 5, 5.00),
(1179, 593, 25, 4, 5.00),
(1180, 594, 1, 8, 5.00),
(1181, 594, 2, 4, 5.00),
(1182, 595, 2, 10, 5.00),
(1183, 595, 11, 10, 5.00),
(1184, 596, 11, 5, 5.00),
(1185, 596, 24, 5, 5.00),
(1186, 597, 12, 6, 5.00),
(1187, 597, 24, 6, 5.00),
(1188, 598, 11, 3, 5.00),
(1189, 598, 12, 3, 5.00),
(1190, 599, 27, 2, 15.00),
(1191, 600, 1, 4, 5.00),
(1192, 600, 2, 4, 5.00),
(1193, 600, 3, 2, 5.00),
(1194, 601, 12, 10, 5.00),
(1195, 601, 24, 10, 5.00),
(1196, 602, 2, 4, 5.00),
(1197, 602, 46, 1, 50.00),
(1198, 603, 7, 1, 5.00),
(1199, 603, 11, 10, 5.00),
(1200, 603, 23, 1, 10.00),
(1201, 604, 2, 2, 5.00),
(1202, 604, 14, 2, 5.00),
(1203, 604, 24, 2, 5.00),
(1204, 605, 4, 3, 5.00),
(1205, 605, 11, 3, 5.00),
(1206, 606, 24, 10, 5.00),
(1207, 607, 11, 10, 5.00),
(1208, 608, 12, 6, 5.00),
(1209, 609, 14, 2, 5.00),
(1210, 610, 7, 4, 5.00),
(1211, 610, 9, 4, 5.00),
(1212, 611, 2, 4, 5.00),
(1213, 612, 7, 5, 5.00),
(1214, 612, 9, 6, 5.00),
(1215, 613, 4, 4, 5.00),
(1216, 613, 13, 4, 5.00),
(1217, 614, 4, 4, 5.00),
(1218, 615, 7, 4, 5.00),
(1219, 616, 8, 5, 5.00),
(1220, 616, 13, 3, 5.00),
(1221, 617, 15, 3, 45.00),
(1222, 618, 11, 10, 5.00),
(1223, 619, 2, 5, 5.00),
(1224, 619, 11, 5, 5.00),
(1225, 619, 14, 4, 5.00),
(1226, 620, 1, 4, 5.00),
(1227, 620, 27, 3, 15.00),
(1228, 621, 13, 10, 5.00),
(1229, 621, 17, 10, 5.00),
(1230, 622, 1, 10, 5.00),
(1231, 622, 11, 4, 5.00),
(1232, 622, 28, 1, 25.00),
(1233, 622, 29, 3, 25.00),
(1234, 623, 31, 1, 85.00),
(1235, 624, 12, 3, 5.00),
(1236, 625, 17, 8, 5.00),
(1237, 626, 1, 3, 5.00),
(1238, 626, 12, 2, 5.00),
(1239, 627, 17, 6, 5.00),
(1240, 628, 30, 2, 25.00),
(1241, 629, 9, 2, 5.00),
(1242, 629, 14, 1, 5.00),
(1243, 630, 11, 2, 5.00),
(1244, 630, 14, 2, 5.00),
(1245, 630, 23, 1, 10.00),
(1246, 631, 17, 1, 5.00),
(1247, 632, 7, 2, 5.00),
(1248, 633, 14, 4, 5.00),
(1249, 633, 17, 4, 5.00),
(1250, 634, 12, 2, 5.00),
(1251, 635, 9, 4, 5.00),
(1252, 635, 13, 3, 5.00),
(1253, 636, 1, 4, 5.00),
(1254, 636, 13, 4, 5.00),
(1255, 637, 1, 1, 5.00),
(1256, 637, 8, 3, 5.00),
(1257, 638, 27, 1, 15.00),
(1258, 639, 1, 4, 5.00),
(1259, 640, 11, 14, 5.00),
(1260, 641, 27, 1, 15.00),
(1261, 642, 3, 10, 5.00),
(1262, 643, 3, 4, 5.00),
(1263, 644, 3, 3, 5.00),
(1264, 645, 24, 6, 5.00),
(1265, 646, 17, 6, 5.00),
(1266, 647, 14, 10, 5.00),
(1267, 648, 3, 5, 5.00),
(1268, 648, 12, 5, 5.00),
(1269, 649, 3, 10, 5.00),
(1270, 649, 17, 10, 5.00),
(1271, 650, 3, 5, 5.00),
(1272, 650, 24, 5, 5.00),
(1273, 651, 3, 1, 5.00),
(1274, 652, 15, 1, 45.00),
(1275, 653, 3, 5, 5.00),
(1276, 654, 23, 2, 10.00),
(1277, 655, 12, 2, 5.00),
(1278, 655, 17, 2, 5.00),
(1279, 656, 17, 10, 5.00),
(1280, 657, 1, 4, 5.00),
(1281, 658, 1, 7, 5.00),
(1282, 658, 9, 7, 5.00),
(1283, 659, 2, 4, 5.00),
(1284, 659, 3, 4, 5.00),
(1285, 659, 24, 2, 5.00),
(1286, 660, 3, 5, 5.00),
(1287, 660, 4, 5, 5.00),
(1288, 660, 8, 5, 5.00),
(1289, 660, 24, 2, 5.00),
(1290, 661, 14, 6, 5.00),
(1291, 662, 10, 4, 10.00),
(1292, 663, 45, 3, 5.00),
(1293, 664, 3, 10, 5.00),
(1294, 665, 1, 5, 5.00),
(1295, 665, 3, 2, 5.00),
(1296, 665, 32, 1, 150.00),
(1297, 666, 1, 6, 5.00),
(1298, 667, 1, 8, 5.00),
(1299, 667, 9, 8, 5.00),
(1300, 668, 12, 10, 5.00),
(1301, 668, 17, 5, 5.00),
(1302, 669, 3, 4, 5.00),
(1303, 670, 1, 8, 5.00),
(1304, 671, 24, 20, 5.00),
(1305, 672, 3, 5, 5.00),
(1306, 673, 3, 1, 5.00),
(1307, 673, 13, 5, 5.00),
(1308, 673, 17, 6, 5.00),
(1309, 674, 3, 6, 5.00),
(1310, 674, 9, 6, 5.00),
(1311, 674, 20, 2, 5.00),
(1312, 675, 24, 6, 5.00),
(1313, 675, 31, 1, 85.00),
(1314, 676, 14, 2, 5.00),
(1315, 676, 41, 1, 20.00),
(1316, 677, 15, 1, 45.00);

-- --------------------------------------------------------

--
-- Table structure for table `users`
--

CREATE TABLE `users` (
  `id` int(11) NOT NULL,
  `username` varchar(100) DEFAULT NULL,
  `password` varchar(255) DEFAULT NULL,
  `role` enum('admin','cashier') DEFAULT NULL
) ENGINE=InnoDB DEFAULT CHARSET=utf8mb4 COLLATE=utf8mb4_general_ci;

--
-- Dumping data for table `users`
--

INSERT INTO `users` (`id`, `username`, `password`, `role`) VALUES
(1, 'admin', '$2y$10$r/dPAtieHLxFJgxHkiQos.0LkXOFZ0qSMottVJYaN51Ek.3IPHz1W', 'admin'),
(2, 'joyax', '$2y$10$Vfwfn1LfgiHzzag4nRm9Hut1C1PbhYZ3uRIwn0iEgeQ6LJ1kqb3uK', 'cashier');

--
-- Indexes for dumped tables
--

--
-- Indexes for table `customers`
--
ALTER TABLE `customers`
  ADD PRIMARY KEY (`id`);

--
-- Indexes for table `products`
--
ALTER TABLE `products`
  ADD PRIMARY KEY (`id`);

--
-- Indexes for table `stock_logs`
--
ALTER TABLE `stock_logs`
  ADD PRIMARY KEY (`id`);

--
-- Indexes for table `transactions`
--
ALTER TABLE `transactions`
  ADD PRIMARY KEY (`id`);

--
-- Indexes for table `transaction_items`
--
ALTER TABLE `transaction_items`
  ADD PRIMARY KEY (`id`);

--
-- Indexes for table `users`
--
ALTER TABLE `users`
  ADD PRIMARY KEY (`id`);

--
-- AUTO_INCREMENT for dumped tables
--

--
-- AUTO_INCREMENT for table `customers`
--
ALTER TABLE `customers`
  MODIFY `id` int(11) NOT NULL AUTO_INCREMENT;

--
-- AUTO_INCREMENT for table `products`
--
ALTER TABLE `products`
  MODIFY `id` int(11) NOT NULL AUTO_INCREMENT, AUTO_INCREMENT=49;

--
-- AUTO_INCREMENT for table `stock_logs`
--
ALTER TABLE `stock_logs`
  MODIFY `id` int(11) NOT NULL AUTO_INCREMENT, AUTO_INCREMENT=1421;

--
-- AUTO_INCREMENT for table `transactions`
--
ALTER TABLE `transactions`
  MODIFY `id` int(11) NOT NULL AUTO_INCREMENT, AUTO_INCREMENT=678;

--
-- AUTO_INCREMENT for table `transaction_items`
--
ALTER TABLE `transaction_items`
  MODIFY `id` int(11) NOT NULL AUTO_INCREMENT, AUTO_INCREMENT=1317;

--
-- AUTO_INCREMENT for table `users`
--
ALTER TABLE `users`
  MODIFY `id` int(11) NOT NULL AUTO_INCREMENT, AUTO_INCREMENT=3;
COMMIT;

/*!40101 SET CHARACTER_SET_CLIENT=@OLD_CHARACTER_SET_CLIENT */;
/*!40101 SET CHARACTER_SET_RESULTS=@OLD_CHARACTER_SET_RESULTS */;
/*!40101 SET COLLATION_CONNECTION=@OLD_COLLATION_CONNECTION */;
